2026/09/10 17:12:18 [INIT] Logging match output to console and: logs\match_m-26990.log (all matches in logs\matches.log)
2026/09/10 17:12:18 [INIT] Transport: WebSocket (server-push, low-latency)
2026/09/10 17:12:18 [WS] Connecting to wss://procon.ptit.edu.vn/ws/v1/matches/m-26990?token=bot-1857604b6fa72b6f0c6f1965
2026/09/10 17:12:18 [WS] Connected!
2026/09/10 17:12:18 [INIT] Fetching setup...
2026/09/10 17:12:18 [INIT] Map 12x12 | agents=6 | spots=8 (maxStocks/day=17) | days=10 | fuelLimit=120
2026/09/10 17:12:18 [INIT] Assigning kinds: [0 0 0 0 0 1]
2026/09/10 17:12:18 [WS] Server sent ActionResult: {"protocol_version":"v0.1-draft","type":"action_result","match_id":"m-26990","day":0,"valid":true,"reason":"","submission_id":"team-A-assign-1","response_ms":0}
2026/09/10 17:12:18 [INIT] HTTP fallback PostAssignment status: 200
2026/09/10 17:12:18 [INIT] Waiting for match to start...
2026/09/10 17:12:18 [INIT] Match started!
2026/09/10 17:12:18 [SYNC] ⚠️ Server xác định xe 5 có fuel=120 > 0 -> Đồng bộ AgentKinds[5] = 0 (Patrol)
2026/09/10 17:12:18 [DAY 0] Agent positions: [73 47 88 62 133 132] | fuels: [120 120 120 120 120 0]
2026/09/10 17:12:18 [DAY 0] DEBUG positions: [73 47 88 62 133 132] | fuels: [120 120 120 120 120 0]
2026/09/10 17:12:18 [WARNING] CRITICAL LOW FUEL ALERT: Day 0 Agent 5 has ONLY 0 fuel remaining!
2026/09/10 17:12:18 [DAY 0] budget=60 steps | 23 road statuses
2026/09/10 17:12:18 [DAY 0] [P2: Medium (12x12)] Dynamic timeout=800ms (budget=60 steps)...
2026/09/10 17:12:18 [DAY 0] Cache built (14 sources).
2026/09/10 17:12:18 [DAY 0] 🚀 Đã nộp sớm baseline an toàn (stocks=17, types=4) lúc 5ms
2026/09/10 17:12:18 [DAY 0] iter=3 NEW BEST: matchTypes=4 todayTypes=4 stocks=17 (eff=17) steps=139 endDist=3
2026/09/10 17:12:18 [WS] Server sent ActionResult: {"protocol_version":"v0.1-draft","type":"action_result","match_id":"m-26990","day":1,"valid":true,"reason":"","submission_id":"team-A-d1-3","response_ms":41}
2026/09/10 17:12:18 [DAY 0] iter=4 NEW BEST: matchTypes=4 todayTypes=4 stocks=17 (eff=17) steps=138 endDist=3
2026/09/10 17:12:18 [DAY 0] iter=7 NEW BEST: matchTypes=4 todayTypes=4 stocks=17 (eff=17) steps=137 endDist=3
2026/09/10 17:12:18 [DAY 0] 🎯 THEORETICAL MAXIMUM REACHED (stocks=17/17, todayTypes=4/4, matchTypes=4/4) -> early exit at iter=20!
2026/09/10 17:12:18 [DAY 0] Search completed in 20 iterations. Best: matchTypes=4, todayTypes=4, stocks=17/17, steps=137
2026/09/10 17:12:18 [DAY 0] final plan submitted OK (28ms taken).
2026/09/10 17:12:18 [DAY 0] DEBUG brands all-time=4/8 | dayNewTypes(all-time-basis)=[4]
2026/09/10 17:12:18 [WS] Server sent ActionResult: {"protocol_version":"v0.1-draft","type":"action_result","match_id":"m-26990","day":1,"valid":true,"reason":"","submission_id":"team-A-d1-4","response_ms":65}
2026/09/10 17:12:23 [DAY 1] DEBUG positions: [118 68 141 124 97 132] | fuels: [99 94 106 96 90 0]
2026/09/10 17:12:23 [WARNING] CRITICAL LOW FUEL ALERT: Day 1 Agent 5 has ONLY 0 fuel remaining!
2026/09/10 17:12:23 [DAY 1] budget=60 steps | 23 road statuses
2026/09/10 17:12:23 [DAY 1] [P2: Medium (12x12)] Dynamic timeout=800ms (budget=60 steps)...
2026/09/10 17:12:23 [DAY 1] Cache built (14 sources).
2026/09/10 17:12:23 [DAY 1] 🚀 Đã nộp sớm baseline an toàn (stocks=17, types=4) lúc 4ms
2026/09/10 17:12:23 [WS] Server sent ActionResult: {"protocol_version":"v0.1-draft","type":"action_result","match_id":"m-26990","day":2,"valid":true,"reason":"","submission_id":"team-A-d2-5","response_ms":32}
2026/09/10 17:12:23 [DAY 1] 🎯 THEORETICAL MAXIMUM REACHED (stocks=17/17, todayTypes=4/4, matchTypes=0/0) -> early exit at iter=20!
2026/09/10 17:12:23 [DAY 1] Search completed in 20 iterations. Best: matchTypes=0, todayTypes=4, stocks=17/17, steps=107
2026/09/10 17:12:23 [DAY 1] final plan submitted OK (89ms taken).
2026/09/10 17:12:23 [DAY 1] DEBUG brands all-time=4/8 | dayNewTypes(all-time-basis)=[4]
2026/09/10 17:12:23 [WS] Server sent ActionResult: {"protocol_version":"v0.1-draft","type":"action_result","match_id":"m-26990","day":2,"valid":true,"reason":"","submission_id":"team-A-d2-6","response_ms":115}
2026/09/10 17:12:28 [DAY 2] DEBUG positions: [53 141 68 97 118 132] | fuels: [90 70 99 70 73 0]
2026/09/10 17:12:28 [WARNING] CRITICAL LOW FUEL ALERT: Day 2 Agent 5 has ONLY 0 fuel remaining!
2026/09/10 17:12:28 [DAY 2] budget=60 steps | 23 road statuses
2026/09/10 17:12:28 [DAY 2] [P2: Medium (12x12)] Dynamic timeout=800ms (budget=60 steps)...
2026/09/10 17:12:28 [DAY 2] Cache built (14 sources).
2026/09/10 17:12:28 [DAY 2] 🚀 Đã nộp sớm baseline an toàn (stocks=17, types=4) lúc 4ms
2026/09/10 17:12:28 [DAY 2] iter=1 NEW BEST: matchTypes=0 todayTypes=4 stocks=17 (eff=17) steps=107 endDist=3
2026/09/10 17:12:28 [WS] Server sent ActionResult: {"protocol_version":"v0.1-draft","type":"action_result","match_id":"m-26990","day":3,"valid":true,"reason":"","submission_id":"team-A-d3-7","response_ms":62}
2026/09/10 17:12:28 [DAY 2] iter=19 NEW BEST: matchTypes=0 todayTypes=4 stocks=17 (eff=17) steps=106 endDist=3
2026/09/10 17:12:28 [DAY 2] 🎯 THEORETICAL MAXIMUM REACHED (stocks=17/17, todayTypes=4/4, matchTypes=0/0) -> early exit at iter=20!
2026/09/10 17:12:28 [DAY 2] Search completed in 20 iterations. Best: matchTypes=0, todayTypes=4, stocks=17/17, steps=106
2026/09/10 17:12:28 [DAY 2] final plan submitted OK (34ms taken).
2026/09/10 17:12:28 [DAY 2] DEBUG brands all-time=4/8 | dayNewTypes(all-time-basis)=[4]
2026/09/10 17:12:28 [WS] Server sent ActionResult: {"protocol_version":"v0.1-draft","type":"action_result","match_id":"m-26990","day":3,"valid":true,"reason":"","submission_id":"team-A-d3-8","response_ms":93}
2026/09/10 17:12:33 [DAY 3] DEBUG positions: [141 97 21 68 118 132] | fuels: [73 51 84 53 73 0]
2026/09/10 17:12:33 [WARNING] CRITICAL LOW FUEL ALERT: Day 3 Agent 5 has ONLY 0 fuel remaining!
2026/09/10 17:12:33 [DAY 3] budget=60 steps | 23 road statuses
2026/09/10 17:12:33 [DAY 3] [P2: Medium (12x12)] Dynamic timeout=800ms (budget=60 steps)...
2026/09/10 17:12:33 [DAY 3] Cache built (14 sources).
2026/09/10 17:12:33 [DAY 3] 🚀 Đã nộp sớm baseline an toàn (stocks=17, types=4) lúc 4ms
2026/09/10 17:12:33 [DAY 3] iter=4 NEW BEST: matchTypes=0 todayTypes=4 stocks=17 (eff=17) steps=107 endDist=3
2026/09/10 17:12:33 [WS] Server sent ActionResult: {"protocol_version":"v0.1-draft","type":"action_result","match_id":"m-26990","day":4,"valid":true,"reason":"","submission_id":"team-A-d4-9","response_ms":81}
2026/09/10 17:12:33 [DAY 3] 🎯 THEORETICAL MAXIMUM REACHED (stocks=17/17, todayTypes=4/4, matchTypes=0/0) -> early exit at iter=20!
2026/09/10 17:12:33 [DAY 3] Search completed in 20 iterations. Best: matchTypes=0, todayTypes=4, stocks=17/17, steps=107
2026/09/10 17:12:33 [DAY 3] final plan submitted OK (35ms taken).
2026/09/10 17:12:33 [DAY 3] DEBUG brands all-time=4/8 | dayNewTypes(all-time-basis)=[4]
2026/09/10 17:12:33 [WS] Server sent ActionResult: {"protocol_version":"v0.1-draft","type":"action_result","match_id":"m-26990","day":4,"valid":true,"reason":"","submission_id":"team-A-d4-10","response_ms":113}
2026/09/10 17:12:38 [DAY 4] DEBUG positions: [68 141 53 118 97 132] | fuels: [66 32 56 48 50 0]
2026/09/10 17:12:38 [WARNING] CRITICAL LOW FUEL ALERT: Day 4 Agent 5 has ONLY 0 fuel remaining!
2026/09/10 17:12:38 [DAY 4] budget=60 steps | 23 road statuses
2026/09/10 17:12:38 [DAY 4] [P2: Medium (12x12)] Dynamic timeout=800ms (budget=60 steps)...
2026/09/10 17:12:38 [DAY 4] Cache built (14 sources).
2026/09/10 17:12:38 [DAY 4] 🚀 Đã nộp sớm baseline an toàn (stocks=17, types=4) lúc 4ms
2026/09/10 17:12:38 [DAY 4] iter=3 NEW BEST: matchTypes=0 todayTypes=4 stocks=17 (eff=17) steps=112 endDist=3
2026/09/10 17:12:38 [WS] Server sent ActionResult: {"protocol_version":"v0.1-draft","type":"action_result","match_id":"m-26990","day":5,"valid":true,"reason":"","submission_id":"team-A-d5-11","response_ms":95}
2026/09/10 17:12:38 [DAY 4] iter=11 NEW BEST: matchTypes=0 todayTypes=4 stocks=17 (eff=17) steps=110 endDist=3
2026/09/10 17:12:38 [DAY 4] iter=12 NEW BEST: matchTypes=0 todayTypes=4 stocks=17 (eff=17) steps=102 endDist=3
2026/09/10 17:12:38 [DAY 4] 🎯 THEORETICAL MAXIMUM REACHED (stocks=17/17, todayTypes=4/4, matchTypes=0/0) -> early exit at iter=20!
2026/09/10 17:12:38 [DAY 4] Search completed in 20 iterations. Best: matchTypes=0, todayTypes=4, stocks=17/17, steps=102
2026/09/10 17:12:38 [DAY 4] final plan submitted OK (40ms taken).
2026/09/10 17:12:38 [DAY 4] DEBUG brands all-time=4/8 | dayNewTypes(all-time-basis)=[4]
2026/09/10 17:12:38 [WS] Server sent ActionResult: {"protocol_version":"v0.1-draft","type":"action_result","match_id":"m-26990","day":5,"valid":true,"reason":"","submission_id":"team-A-d5-12","response_ms":130}
2026/09/10 17:12:43 [DAY 5] DEBUG positions: [141 68 97 21 118 132] | fuels: [59 25 35 30 32 0]
2026/09/10 17:12:43 [WARNING] CRITICAL LOW FUEL ALERT: Day 5 Agent 5 has ONLY 0 fuel remaining!
2026/09/10 17:12:43 [DAY 5] budget=60 steps | 23 road statuses
2026/09/10 17:12:43 [DAY 5] [P2: Medium (12x12)] Dynamic timeout=800ms (budget=60 steps)...
2026/09/10 17:12:43 [DAY 5] Cache built (14 sources).
2026/09/10 17:12:43 [DAY 5] 🚀 Đã nộp sớm baseline an toàn (stocks=17, types=4) lúc 3ms
2026/09/10 17:12:43 [WS] Server sent ActionResult: {"protocol_version":"v0.1-draft","type":"action_result","match_id":"m-26990","day":6,"valid":true,"reason":"","submission_id":"team-A-d6-13","response_ms":113}
2026/09/10 17:12:43 [DAY 5] iter=6 NEW BEST: matchTypes=0 todayTypes=4 stocks=17 (eff=17) steps=107 endDist=3
2026/09/10 17:12:43 [DAY 5] 🎯 THEORETICAL MAXIMUM REACHED (stocks=17/17, todayTypes=4/4, matchTypes=0/0) -> early exit at iter=20!
2026/09/10 17:12:43 [DAY 5] Search completed in 20 iterations. Best: matchTypes=0, todayTypes=4, stocks=17/17, steps=107
2026/09/10 17:12:43 [DAY 5] final plan submitted OK (28ms taken).
2026/09/10 17:12:43 [DAY 5] DEBUG brands all-time=4/8 | dayNewTypes(all-time-basis)=[4]
2026/09/10 17:12:43 [WS] Server sent ActionResult: {"protocol_version":"v0.1-draft","type":"action_result","match_id":"m-26990","day":6,"valid":true,"reason":"","submission_id":"team-A-d6-14","response_ms":141}
2026/09/10 17:12:48 [DAY 6] DEBUG positions: [118 97 16 68 53 132] | fuels: [57 3 10 7 22 0]
2026/09/10 17:12:48 [WARNING] CRITICAL LOW FUEL ALERT: Day 6 Agent 1 has ONLY 3 fuel remaining!
2026/09/10 17:12:48 [WARNING] CRITICAL LOW FUEL ALERT: Day 6 Agent 2 has ONLY 10 fuel remaining!
2026/09/10 17:12:48 [WARNING] CRITICAL LOW FUEL ALERT: Day 6 Agent 3 has ONLY 7 fuel remaining!
2026/09/10 17:12:48 [WARNING] CRITICAL LOW FUEL ALERT: Day 6 Agent 5 has ONLY 0 fuel remaining!
2026/09/10 17:12:48 [DAY 6] budget=60 steps | 23 road statuses
2026/09/10 17:12:48 [DAY 6] [P2: Medium (12x12)] Dynamic timeout=800ms (budget=60 steps)...
2026/09/10 17:12:48 [DAY 6] Cache built (14 sources).
2026/09/10 17:12:48 [DAY 6] 🚀 Đã nộp sớm baseline an toàn (stocks=14, types=4) lúc 4ms
2026/09/10 17:12:48 [DAY 6] iter=1 NEW BEST: matchTypes=0 todayTypes=4 stocks=14 (eff=14) steps=85 endDist=3
2026/09/10 17:12:48 [DAY 6] iter=4 NEW BEST: matchTypes=0 todayTypes=4 stocks=14 (eff=14) steps=84 endDist=3
2026/09/10 17:12:48 [DAY 6] iter=7 NEW BEST: matchTypes=0 todayTypes=4 stocks=14 (eff=14) steps=82 endDist=3
2026/09/10 17:12:48 [DAY 6] iter=8 NEW BEST: matchTypes=0 todayTypes=4 stocks=14 (eff=14) steps=77 endDist=3
2026/09/10 17:12:48 [DAY 6] iter=9 NEW BEST: matchTypes=0 todayTypes=4 stocks=15 (eff=15) steps=91 endDist=3
2026/09/10 17:12:48 [WS] Server sent ActionResult: {"protocol_version":"v0.1-draft","type":"action_result","match_id":"m-26990","day":7,"valid":true,"reason":"","submission_id":"team-A-d7-15","response_ms":93}
2026/09/10 17:12:48 [DAY 6] iter=13 NEW BEST: matchTypes=0 todayTypes=4 stocks=15 (eff=15) steps=86 endDist=3
2026/09/10 17:12:48 [DAY 6] iter=27 NEW BEST: matchTypes=0 todayTypes=4 stocks=15 (eff=15) steps=85 endDist=3
2026/09/10 17:12:48 [DAY 6] iter=68 NEW BEST: matchTypes=0 todayTypes=4 stocks=15 (eff=15) steps=80 endDist=3
2026/09/10 17:12:48 [DAY 6] ⏹️ Converged after 300 iters with no improvement (total 368 iters) -> early exit!
2026/09/10 17:12:48 [DAY 6] Search completed in 368 iterations. Best: matchTypes=0, todayTypes=4, stocks=15/17, steps=80
2026/09/10 17:12:48 [DAY 6] final plan submitted OK (273ms taken).
2026/09/10 17:12:48 [DAY 6] DEBUG brands all-time=4/8 | dayNewTypes(all-time-basis)=[4]
2026/09/10 17:12:48 [WS] Server sent ActionResult: {"protocol_version":"v0.1-draft","type":"action_result","match_id":"m-26990","day":7,"valid":true,"reason":"","submission_id":"team-A-d7-16","response_ms":368}
2026/09/10 17:12:53 [DAY 7] DEBUG positions: [21 97 68 118 124 132] | fuels: [20 3 3 2 3 0]
2026/09/10 17:12:53 [WARNING] CRITICAL LOW FUEL ALERT: Day 7 Agent 1 has ONLY 3 fuel remaining!
2026/09/10 17:12:53 [WARNING] CRITICAL LOW FUEL ALERT: Day 7 Agent 2 has ONLY 3 fuel remaining!
2026/09/10 17:12:53 [WARNING] CRITICAL LOW FUEL ALERT: Day 7 Agent 3 has ONLY 2 fuel remaining!
2026/09/10 17:12:53 [WARNING] CRITICAL LOW FUEL ALERT: Day 7 Agent 4 has ONLY 3 fuel remaining!
2026/09/10 17:12:53 [WARNING] CRITICAL LOW FUEL ALERT: Day 7 Agent 5 has ONLY 0 fuel remaining!
2026/09/10 17:12:53 [DAY 7] budget=60 steps | 23 road statuses
2026/09/10 17:12:53 [DAY 7] [P2: Medium (12x12)] Dynamic timeout=800ms (budget=60 steps)...
2026/09/10 17:12:53 [DAY 7] Cache built (14 sources).
2026/09/10 17:12:53 [DAY 7] 🚀 Đã nộp sớm baseline an toàn (stocks=10, types=4) lúc 2ms
2026/09/10 17:12:53 [WS] Server sent ActionResult: {"protocol_version":"v0.1-draft","type":"action_result","match_id":"m-26990","day":8,"valid":true,"reason":"","submission_id":"team-A-d8-17","response_ms":29}
2026/09/10 17:12:53 [DAY 7] ⏹️ Converged after 300 iters with no improvement (total 300 iters) -> early exit!
2026/09/10 17:12:53 [DAY 7] Search completed in 300 iterations. Best: matchTypes=0, todayTypes=4, stocks=10/17, steps=32
2026/09/10 17:12:53 [DAY 7] final plan submitted OK (129ms taken).
2026/09/10 17:12:53 [DAY 7] DEBUG brands all-time=4/8 | dayNewTypes(all-time-basis)=[4]
2026/09/10 17:12:53 [WS] Server sent ActionResult: {"protocol_version":"v0.1-draft","type":"action_result","match_id":"m-26990","day":8,"valid":true,"reason":"","submission_id":"team-A-d8-18","response_ms":156}
2026/09/10 17:12:58 [DAY 8] DEBUG positions: [118 97 68 141 124 132] | fuels: [2 3 3 0 3 0]
2026/09/10 17:12:58 [WARNING] CRITICAL LOW FUEL ALERT: Day 8 Agent 0 has ONLY 2 fuel remaining!
2026/09/10 17:12:58 [WARNING] CRITICAL LOW FUEL ALERT: Day 8 Agent 1 has ONLY 3 fuel remaining!
2026/09/10 17:12:58 [WARNING] CRITICAL LOW FUEL ALERT: Day 8 Agent 2 has ONLY 3 fuel remaining!
2026/09/10 17:12:58 [WARNING] CRITICAL LOW FUEL ALERT: Day 8 Agent 3 has ONLY 0 fuel remaining!
2026/09/10 17:12:58 [WARNING] CRITICAL LOW FUEL ALERT: Day 8 Agent 4 has ONLY 3 fuel remaining!
2026/09/10 17:12:58 [WARNING] CRITICAL LOW FUEL ALERT: Day 8 Agent 5 has ONLY 0 fuel remaining!
2026/09/10 17:12:58 [DAY 8] budget=60 steps | 23 road statuses
2026/09/10 17:12:58 [DAY 8] [P2: Medium (12x12)] Dynamic timeout=800ms (budget=60 steps)...
2026/09/10 17:12:58 [DAY 8] Cache built (14 sources).
2026/09/10 17:12:58 [DAY 8] 🚀 Đã nộp sớm baseline an toàn (stocks=5, types=4) lúc 3ms
2026/09/10 17:12:58 [DAY 8] iter=3 NEW BEST: matchTypes=0 todayTypes=4 stocks=5 (eff=5) steps=0 endDist=3
2026/09/10 17:12:58 [DAY 8] iter=4 NEW BEST: matchTypes=0 todayTypes=4 stocks=5 (eff=5) steps=0 endDist=3
2026/09/10 17:12:58 [DAY 8] iter=5 NEW BEST: matchTypes=0 todayTypes=4 stocks=5 (eff=5) steps=0 endDist=3
2026/09/10 17:12:58 [DAY 8] iter=6 NEW BEST: matchTypes=0 todayTypes=4 stocks=5 (eff=5) steps=0 endDist=3
2026/09/10 17:12:58 [DAY 8] iter=9 NEW BEST: matchTypes=0 todayTypes=4 stocks=5 (eff=5) steps=0 endDist=3
2026/09/10 17:12:58 [DAY 8] iter=10 NEW BEST: matchTypes=0 todayTypes=4 stocks=5 (eff=5) steps=0 endDist=3
2026/09/10 17:12:58 [DAY 8] iter=11 NEW BEST: matchTypes=0 todayTypes=4 stocks=5 (eff=5) steps=0 endDist=3
2026/09/10 17:12:58 [DAY 8] iter=12 NEW BEST: matchTypes=0 todayTypes=4 stocks=5 (eff=5) steps=0 endDist=3
2026/09/10 17:12:58 [DAY 8] iter=13 NEW BEST: matchTypes=0 todayTypes=4 stocks=5 (eff=5) steps=0 endDist=3
2026/09/10 17:12:58 [DAY 8] iter=15 NEW BEST: matchTypes=0 todayTypes=4 stocks=5 (eff=5) steps=0 endDist=3
2026/09/10 17:12:58 [WS] Server sent ActionResult: {"protocol_version":"v0.1-draft","type":"action_result","match_id":"m-26990","day":9,"valid":true,"reason":"","submission_id":"team-A-d9-19","response_ms":70}
2026/09/10 17:12:58 [DAY 8] iter=16 NEW BEST: matchTypes=0 todayTypes=4 stocks=5 (eff=5) steps=0 endDist=3
2026/09/10 17:12:58 [DAY 8] iter=17 NEW BEST: matchTypes=0 todayTypes=4 stocks=5 (eff=5) steps=0 endDist=3
2026/09/10 17:12:58 [DAY 8] iter=20 NEW BEST: matchTypes=0 todayTypes=4 stocks=5 (eff=5) steps=0 endDist=3
2026/09/10 17:12:58 [DAY 8] iter=21 NEW BEST: matchTypes=0 todayTypes=4 stocks=5 (eff=5) steps=0 endDist=3
2026/09/10 17:12:58 [DAY 8] iter=22 NEW BEST: matchTypes=0 todayTypes=4 stocks=5 (eff=5) steps=0 endDist=3
2026/09/10 17:12:58 [DAY 8] iter=23 NEW BEST: matchTypes=0 todayTypes=4 stocks=5 (eff=5) steps=0 endDist=3
2026/09/10 17:12:58 [DAY 8] iter=24 NEW BEST: matchTypes=0 todayTypes=4 stocks=5 (eff=5) steps=0 endDist=3
2026/09/10 17:12:58 [DAY 8] iter=25 NEW BEST: matchTypes=0 todayTypes=4 stocks=5 (eff=5) steps=0 endDist=3
2026/09/10 17:12:58 [DAY 8] iter=26 NEW BEST: matchTypes=0 todayTypes=4 stocks=5 (eff=5) steps=0 endDist=3
2026/09/10 17:12:58 [DAY 8] iter=27 NEW BEST: matchTypes=0 todayTypes=4 stocks=5 (eff=5) steps=0 endDist=3
2026/09/10 17:12:58 [DAY 8] iter=28 NEW BEST: matchTypes=0 todayTypes=4 stocks=5 (eff=5) steps=0 endDist=3
2026/09/10 17:12:58 [DAY 8] iter=29 NEW BEST: matchTypes=0 todayTypes=4 stocks=5 (eff=5) steps=0 endDist=3
2026/09/10 17:12:58 [DAY 8] iter=31 NEW BEST: matchTypes=0 todayTypes=4 stocks=5 (eff=5) steps=0 endDist=3
2026/09/10 17:12:58 [DAY 8] iter=32 NEW BEST: matchTypes=0 todayTypes=4 stocks=5 (eff=5) steps=0 endDist=3
2026/09/10 17:12:58 [DAY 8] iter=34 NEW BEST: matchTypes=0 todayTypes=4 stocks=5 (eff=5) steps=0 endDist=3
2026/09/10 17:12:58 [DAY 8] iter=36 NEW BEST: matchTypes=0 todayTypes=4 stocks=5 (eff=5) steps=0 endDist=3
2026/09/10 17:12:58 [DAY 8] iter=38 NEW BEST: matchTypes=0 todayTypes=4 stocks=5 (eff=5) steps=0 endDist=3
2026/09/10 17:12:58 [DAY 8] iter=39 NEW BEST: matchTypes=0 todayTypes=4 stocks=5 (eff=5) steps=0 endDist=3
2026/09/10 17:12:58 [DAY 8] iter=41 NEW BEST: matchTypes=0 todayTypes=4 stocks=5 (eff=5) steps=0 endDist=3
2026/09/10 17:12:58 [DAY 8] iter=45 NEW BEST: matchTypes=0 todayTypes=4 stocks=5 (eff=5) steps=0 endDist=3
2026/09/10 17:12:58 [DAY 8] iter=47 NEW BEST: matchTypes=0 todayTypes=4 stocks=5 (eff=5) steps=0 endDist=3
2026/09/10 17:12:58 [DAY 8] iter=49 NEW BEST: matchTypes=0 todayTypes=4 stocks=5 (eff=5) steps=0 endDist=3
2026/09/10 17:12:58 [DAY 8] iter=50 NEW BEST: matchTypes=0 todayTypes=4 stocks=5 (eff=5) steps=0 endDist=3
2026/09/10 17:12:58 [DAY 8] iter=51 NEW BEST: matchTypes=0 todayTypes=4 stocks=5 (eff=5) steps=0 endDist=3
2026/09/10 17:12:58 [DAY 8] iter=54 NEW BEST: matchTypes=0 todayTypes=4 stocks=5 (eff=5) steps=0 endDist=3
2026/09/10 17:12:58 [DAY 8] iter=55 NEW BEST: matchTypes=0 todayTypes=4 stocks=5 (eff=5) steps=0 endDist=3
2026/09/10 17:12:58 [DAY 8] iter=56 NEW BEST: matchTypes=0 todayTypes=4 stocks=5 (eff=5) steps=0 endDist=3
2026/09/10 17:12:58 [DAY 8] iter=58 NEW BEST: matchTypes=0 todayTypes=4 stocks=5 (eff=5) steps=0 endDist=3
2026/09/10 17:12:58 [DAY 8] iter=59 NEW BEST: matchTypes=0 todayTypes=4 stocks=5 (eff=5) steps=0 endDist=3
2026/09/10 17:12:58 [DAY 8] iter=60 NEW BEST: matchTypes=0 todayTypes=4 stocks=5 (eff=5) steps=0 endDist=3
2026/09/10 17:12:58 [DAY 8] iter=65 NEW BEST: matchTypes=0 todayTypes=4 stocks=5 (eff=5) steps=0 endDist=3
2026/09/10 17:12:58 [DAY 8] iter=67 NEW BEST: matchTypes=0 todayTypes=4 stocks=5 (eff=5) steps=0 endDist=3
2026/09/10 17:12:58 [DAY 8] iter=68 NEW BEST: matchTypes=0 todayTypes=4 stocks=5 (eff=5) steps=0 endDist=3
2026/09/10 17:12:58 [DAY 8] iter=71 NEW BEST: matchTypes=0 todayTypes=4 stocks=5 (eff=5) steps=0 endDist=3
2026/09/10 17:12:58 [DAY 8] iter=73 NEW BEST: matchTypes=0 todayTypes=4 stocks=5 (eff=5) steps=0 endDist=3
2026/09/10 17:12:58 [DAY 8] iter=74 NEW BEST: matchTypes=0 todayTypes=4 stocks=5 (eff=5) steps=0 endDist=3
2026/09/10 17:12:58 [DAY 8] iter=75 NEW BEST: matchTypes=0 todayTypes=4 stocks=5 (eff=5) steps=0 endDist=3
2026/09/10 17:12:58 [DAY 8] iter=77 NEW BEST: matchTypes=0 todayTypes=4 stocks=5 (eff=5) steps=0 endDist=3
2026/09/10 17:12:58 [DAY 8] iter=78 NEW BEST: matchTypes=0 todayTypes=4 stocks=5 (eff=5) steps=0 endDist=3
2026/09/10 17:12:58 [DAY 8] iter=79 NEW BEST: matchTypes=0 todayTypes=4 stocks=5 (eff=5) steps=0 endDist=3
2026/09/10 17:12:58 [DAY 8] iter=81 NEW BEST: matchTypes=0 todayTypes=4 stocks=5 (eff=5) steps=0 endDist=3
2026/09/10 17:12:58 [DAY 8] iter=82 NEW BEST: matchTypes=0 todayTypes=4 stocks=5 (eff=5) steps=0 endDist=3
2026/09/10 17:12:58 [DAY 8] iter=83 NEW BEST: matchTypes=0 todayTypes=4 stocks=5 (eff=5) steps=0 endDist=3
2026/09/10 17:12:58 [DAY 8] iter=86 NEW BEST: matchTypes=0 todayTypes=4 stocks=5 (eff=5) steps=0 endDist=3
2026/09/10 17:12:58 [DAY 8] iter=88 NEW BEST: matchTypes=0 todayTypes=4 stocks=5 (eff=5) steps=0 endDist=3
2026/09/10 17:12:58 [DAY 8] iter=89 NEW BEST: matchTypes=0 todayTypes=4 stocks=5 (eff=5) steps=0 endDist=3
2026/09/10 17:12:58 [DAY 8] iter=90 NEW BEST: matchTypes=0 todayTypes=4 stocks=5 (eff=5) steps=0 endDist=3
2026/09/10 17:12:58 [DAY 8] iter=93 NEW BEST: matchTypes=0 todayTypes=4 stocks=5 (eff=5) steps=0 endDist=3
2026/09/10 17:12:58 [DAY 8] iter=94 NEW BEST: matchTypes=0 todayTypes=4 stocks=5 (eff=5) steps=0 endDist=3
2026/09/10 17:12:58 [DAY 8] iter=96 NEW BEST: matchTypes=0 todayTypes=4 stocks=5 (eff=5) steps=0 endDist=3
2026/09/10 17:12:58 [DAY 8] iter=97 NEW BEST: matchTypes=0 todayTypes=4 stocks=5 (eff=5) steps=0 endDist=3
2026/09/10 17:12:58 [DAY 8] iter=98 NEW BEST: matchTypes=0 todayTypes=4 stocks=5 (eff=5) steps=0 endDist=3
2026/09/10 17:12:58 [DAY 8] iter=100 NEW BEST: matchTypes=0 todayTypes=4 stocks=5 (eff=5) steps=0 endDist=3
2026/09/10 17:12:58 [DAY 8] iter=101 NEW BEST: matchTypes=0 todayTypes=4 stocks=5 (eff=5) steps=0 endDist=3
2026/09/10 17:12:58 [DAY 8] iter=103 NEW BEST: matchTypes=0 todayTypes=4 stocks=5 (eff=5) steps=0 endDist=3
2026/09/10 17:12:58 [DAY 8] iter=104 NEW BEST: matchTypes=0 todayTypes=4 stocks=5 (eff=5) steps=0 endDist=3
2026/09/10 17:12:58 [DAY 8] iter=106 NEW BEST: matchTypes=0 todayTypes=4 stocks=5 (eff=5) steps=0 endDist=3
2026/09/10 17:12:58 [DAY 8] iter=107 NEW BEST: matchTypes=0 todayTypes=4 stocks=5 (eff=5) steps=0 endDist=3
2026/09/10 17:12:58 [DAY 8] iter=109 NEW BEST: matchTypes=0 todayTypes=4 stocks=5 (eff=5) steps=0 endDist=3
2026/09/10 17:12:58 [DAY 8] iter=111 NEW BEST: matchTypes=0 todayTypes=4 stocks=5 (eff=5) steps=0 endDist=3
2026/09/10 17:12:58 [DAY 8] iter=112 NEW BEST: matchTypes=0 todayTypes=4 stocks=5 (eff=5) steps=0 endDist=3
2026/09/10 17:12:58 [DAY 8] iter=114 NEW BEST: matchTypes=0 todayTypes=4 stocks=5 (eff=5) steps=0 endDist=3
2026/09/10 17:12:58 [DAY 8] iter=115 NEW BEST: matchTypes=0 todayTypes=4 stocks=5 (eff=5) steps=0 endDist=3
2026/09/10 17:12:58 [DAY 8] iter=116 NEW BEST: matchTypes=0 todayTypes=4 stocks=5 (eff=5) steps=0 endDist=3
2026/09/10 17:12:58 [DAY 8] iter=118 NEW BEST: matchTypes=0 todayTypes=4 stocks=5 (eff=5) steps=0 endDist=3
2026/09/10 17:12:58 [DAY 8] iter=119 NEW BEST: matchTypes=0 todayTypes=4 stocks=5 (eff=5) steps=0 endDist=3
2026/09/10 17:12:58 [DAY 8] iter=122 NEW BEST: matchTypes=0 todayTypes=4 stocks=5 (eff=5) steps=0 endDist=3
2026/09/10 17:12:58 [DAY 8] iter=125 NEW BEST: matchTypes=0 todayTypes=4 stocks=5 (eff=5) steps=0 endDist=3
2026/09/10 17:12:58 [DAY 8] iter=126 NEW BEST: matchTypes=0 todayTypes=4 stocks=5 (eff=5) steps=0 endDist=3
2026/09/10 17:12:58 [DAY 8] iter=127 NEW BEST: matchTypes=0 todayTypes=4 stocks=5 (eff=5) steps=0 endDist=3
2026/09/10 17:12:58 [DAY 8] iter=128 NEW BEST: matchTypes=0 todayTypes=4 stocks=5 (eff=5) steps=0 endDist=3
2026/09/10 17:12:58 [DAY 8] iter=130 NEW BEST: matchTypes=0 todayTypes=4 stocks=5 (eff=5) steps=0 endDist=3
2026/09/10 17:12:58 [DAY 8] iter=132 NEW BEST: matchTypes=0 todayTypes=4 stocks=5 (eff=5) steps=0 endDist=3
2026/09/10 17:12:58 [DAY 8] iter=134 NEW BEST: matchTypes=0 todayTypes=4 stocks=5 (eff=5) steps=0 endDist=3
2026/09/10 17:12:58 [DAY 8] iter=135 NEW BEST: matchTypes=0 todayTypes=4 stocks=5 (eff=5) steps=0 endDist=3
2026/09/10 17:12:58 [DAY 8] iter=137 NEW BEST: matchTypes=0 todayTypes=4 stocks=5 (eff=5) steps=0 endDist=3
2026/09/10 17:12:58 [DAY 8] iter=138 NEW BEST: matchTypes=0 todayTypes=4 stocks=5 (eff=5) steps=0 endDist=3
2026/09/10 17:12:58 [DAY 8] iter=140 NEW BEST: matchTypes=0 todayTypes=4 stocks=5 (eff=5) steps=0 endDist=3
2026/09/10 17:12:58 [DAY 8] iter=141 NEW BEST: matchTypes=0 todayTypes=4 stocks=5 (eff=5) steps=0 endDist=3
2026/09/10 17:12:58 [DAY 8] iter=142 NEW BEST: matchTypes=0 todayTypes=4 stocks=5 (eff=5) steps=0 endDist=3
2026/09/10 17:12:58 [DAY 8] iter=143 NEW BEST: matchTypes=0 todayTypes=4 stocks=5 (eff=5) steps=0 endDist=3
2026/09/10 17:12:58 [DAY 8] iter=144 NEW BEST: matchTypes=0 todayTypes=4 stocks=5 (eff=5) steps=0 endDist=3
2026/09/10 17:12:58 [DAY 8] iter=145 NEW BEST: matchTypes=0 todayTypes=4 stocks=5 (eff=5) steps=0 endDist=3
2026/09/10 17:12:58 [DAY 8] iter=151 NEW BEST: matchTypes=0 todayTypes=4 stocks=5 (eff=5) steps=0 endDist=3
2026/09/10 17:12:58 [DAY 8] iter=152 NEW BEST: matchTypes=0 todayTypes=4 stocks=5 (eff=5) steps=0 endDist=3
2026/09/10 17:12:58 [DAY 8] iter=153 NEW BEST: matchTypes=0 todayTypes=4 stocks=5 (eff=5) steps=0 endDist=3
2026/09/10 17:12:58 [DAY 8] iter=155 NEW BEST: matchTypes=0 todayTypes=4 stocks=5 (eff=5) steps=0 endDist=3
2026/09/10 17:12:58 [DAY 8] iter=158 NEW BEST: matchTypes=0 todayTypes=4 stocks=5 (eff=5) steps=0 endDist=3
2026/09/10 17:12:58 [DAY 8] iter=160 NEW BEST: matchTypes=0 todayTypes=4 stocks=5 (eff=5) steps=0 endDist=3
2026/09/10 17:12:58 [DAY 8] iter=161 NEW BEST: matchTypes=0 todayTypes=4 stocks=5 (eff=5) steps=0 endDist=3
2026/09/10 17:12:58 [DAY 8] iter=165 NEW BEST: matchTypes=0 todayTypes=4 stocks=5 (eff=5) steps=0 endDist=3
2026/09/10 17:12:58 [DAY 8] iter=167 NEW BEST: matchTypes=0 todayTypes=4 stocks=5 (eff=5) steps=0 endDist=3
2026/09/10 17:12:58 [DAY 8] iter=170 NEW BEST: matchTypes=0 todayTypes=4 stocks=5 (eff=5) steps=0 endDist=3
2026/09/10 17:12:58 [DAY 8] iter=171 NEW BEST: matchTypes=0 todayTypes=4 stocks=5 (eff=5) steps=0 endDist=3
2026/09/10 17:12:58 [DAY 8] iter=173 NEW BEST: matchTypes=0 todayTypes=4 stocks=5 (eff=5) steps=0 endDist=3
2026/09/10 17:12:58 [DAY 8] iter=176 NEW BEST: matchTypes=0 todayTypes=4 stocks=5 (eff=5) steps=0 endDist=3
2026/09/10 17:12:58 [DAY 8] iter=178 NEW BEST: matchTypes=0 todayTypes=4 stocks=5 (eff=5) steps=0 endDist=3
2026/09/10 17:12:58 [DAY 8] iter=180 NEW BEST: matchTypes=0 todayTypes=4 stocks=5 (eff=5) steps=0 endDist=3
2026/09/10 17:12:58 [DAY 8] iter=181 NEW BEST: matchTypes=0 todayTypes=4 stocks=5 (eff=5) steps=0 endDist=3
2026/09/10 17:12:58 [DAY 8] iter=183 NEW BEST: matchTypes=0 todayTypes=4 stocks=5 (eff=5) steps=0 endDist=3
2026/09/10 17:12:58 [DAY 8] iter=184 NEW BEST: matchTypes=0 todayTypes=4 stocks=5 (eff=5) steps=0 endDist=3
2026/09/10 17:12:58 [DAY 8] iter=186 NEW BEST: matchTypes=0 todayTypes=4 stocks=5 (eff=5) steps=0 endDist=3
2026/09/10 17:12:58 [DAY 8] iter=187 NEW BEST: matchTypes=0 todayTypes=4 stocks=5 (eff=5) steps=0 endDist=3
2026/09/10 17:12:58 [DAY 8] iter=188 NEW BEST: matchTypes=0 todayTypes=4 stocks=5 (eff=5) steps=0 endDist=3
2026/09/10 17:12:58 [DAY 8] iter=189 NEW BEST: matchTypes=0 todayTypes=4 stocks=5 (eff=5) steps=0 endDist=3
2026/09/10 17:12:58 [DAY 8] iter=192 NEW BEST: matchTypes=0 todayTypes=4 stocks=5 (eff=5) steps=0 endDist=3
2026/09/10 17:12:58 [DAY 8] iter=193 NEW BEST: matchTypes=0 todayTypes=4 stocks=5 (eff=5) steps=0 endDist=3
2026/09/10 17:12:58 [DAY 8] iter=194 NEW BEST: matchTypes=0 todayTypes=4 stocks=5 (eff=5) steps=0 endDist=3
2026/09/10 17:12:58 [DAY 8] iter=197 NEW BEST: matchTypes=0 todayTypes=4 stocks=5 (eff=5) steps=0 endDist=3
2026/09/10 17:12:58 [DAY 8] iter=198 NEW BEST: matchTypes=0 todayTypes=4 stocks=5 (eff=5) steps=0 endDist=3
2026/09/10 17:12:58 [DAY 8] iter=199 NEW BEST: matchTypes=0 todayTypes=4 stocks=5 (eff=5) steps=0 endDist=3
2026/09/10 17:12:58 [DAY 8] iter=200 NEW BEST: matchTypes=0 todayTypes=4 stocks=5 (eff=5) steps=0 endDist=3
2026/09/10 17:12:58 [DAY 8] iter=201 NEW BEST: matchTypes=0 todayTypes=4 stocks=5 (eff=5) steps=0 endDist=3
2026/09/10 17:12:58 [DAY 8] iter=203 NEW BEST: matchTypes=0 todayTypes=4 stocks=5 (eff=5) steps=0 endDist=3
2026/09/10 17:12:58 [DAY 8] iter=205 NEW BEST: matchTypes=0 todayTypes=4 stocks=5 (eff=5) steps=0 endDist=3
2026/09/10 17:12:58 [DAY 8] iter=208 NEW BEST: matchTypes=0 todayTypes=4 stocks=5 (eff=5) steps=0 endDist=3
2026/09/10 17:12:58 [DAY 8] iter=209 NEW BEST: matchTypes=0 todayTypes=4 stocks=5 (eff=5) steps=0 endDist=3
2026/09/10 17:12:58 [DAY 8] iter=210 NEW BEST: matchTypes=0 todayTypes=4 stocks=5 (eff=5) steps=0 endDist=3
2026/09/10 17:12:58 [DAY 8] iter=213 NEW BEST: matchTypes=0 todayTypes=4 stocks=5 (eff=5) steps=0 endDist=3
2026/09/10 17:12:58 [DAY 8] iter=215 NEW BEST: matchTypes=0 todayTypes=4 stocks=5 (eff=5) steps=0 endDist=3
2026/09/10 17:12:58 [DAY 8] iter=217 NEW BEST: matchTypes=0 todayTypes=4 stocks=5 (eff=5) steps=0 endDist=3
2026/09/10 17:12:58 [DAY 8] iter=219 NEW BEST: matchTypes=0 todayTypes=4 stocks=5 (eff=5) steps=0 endDist=3
2026/09/10 17:12:58 [DAY 8] iter=220 NEW BEST: matchTypes=0 todayTypes=4 stocks=5 (eff=5) steps=0 endDist=3
2026/09/10 17:12:58 [DAY 8] iter=221 NEW BEST: matchTypes=0 todayTypes=4 stocks=5 (eff=5) steps=0 endDist=3
2026/09/10 17:12:58 [DAY 8] iter=222 NEW BEST: matchTypes=0 todayTypes=4 stocks=5 (eff=5) steps=0 endDist=3
2026/09/10 17:12:58 [DAY 8] iter=223 NEW BEST: matchTypes=0 todayTypes=4 stocks=5 (eff=5) steps=0 endDist=3
2026/09/10 17:12:58 [DAY 8] iter=224 NEW BEST: matchTypes=0 todayTypes=4 stocks=5 (eff=5) steps=0 endDist=3
2026/09/10 17:12:58 [DAY 8] iter=226 NEW BEST: matchTypes=0 todayTypes=4 stocks=5 (eff=5) steps=0 endDist=3
2026/09/10 17:12:58 [DAY 8] iter=227 NEW BEST: matchTypes=0 todayTypes=4 stocks=5 (eff=5) steps=0 endDist=3
2026/09/10 17:12:58 [DAY 8] iter=228 NEW BEST: matchTypes=0 todayTypes=4 stocks=5 (eff=5) steps=0 endDist=3
2026/09/10 17:12:58 [DAY 8] iter=230 NEW BEST: matchTypes=0 todayTypes=4 stocks=5 (eff=5) steps=0 endDist=3
2026/09/10 17:12:58 [DAY 8] iter=231 NEW BEST: matchTypes=0 todayTypes=4 stocks=5 (eff=5) steps=0 endDist=3
2026/09/10 17:12:58 [DAY 8] iter=233 NEW BEST: matchTypes=0 todayTypes=4 stocks=5 (eff=5) steps=0 endDist=3
2026/09/10 17:12:58 [DAY 8] iter=235 NEW BEST: matchTypes=0 todayTypes=4 stocks=5 (eff=5) steps=0 endDist=3
2026/09/10 17:12:58 [DAY 8] iter=236 NEW BEST: matchTypes=0 todayTypes=4 stocks=5 (eff=5) steps=0 endDist=3
2026/09/10 17:12:58 [DAY 8] iter=238 NEW BEST: matchTypes=0 todayTypes=4 stocks=5 (eff=5) steps=0 endDist=3
2026/09/10 17:12:58 [DAY 8] iter=241 NEW BEST: matchTypes=0 todayTypes=4 stocks=5 (eff=5) steps=0 endDist=3
2026/09/10 17:12:58 [DAY 8] iter=242 NEW BEST: matchTypes=0 todayTypes=4 stocks=5 (eff=5) steps=0 endDist=3
2026/09/10 17:12:58 [DAY 8] iter=243 NEW BEST: matchTypes=0 todayTypes=4 stocks=5 (eff=5) steps=0 endDist=3
2026/09/10 17:12:58 [DAY 8] iter=244 NEW BEST: matchTypes=0 todayTypes=4 stocks=5 (eff=5) steps=0 endDist=3
2026/09/10 17:12:58 [DAY 8] iter=245 NEW BEST: matchTypes=0 todayTypes=4 stocks=5 (eff=5) steps=0 endDist=3
2026/09/10 17:12:58 [DAY 8] iter=246 NEW BEST: matchTypes=0 todayTypes=4 stocks=5 (eff=5) steps=0 endDist=3
2026/09/10 17:12:58 [DAY 8] iter=247 NEW BEST: matchTypes=0 todayTypes=4 stocks=5 (eff=5) steps=0 endDist=3
2026/09/10 17:12:58 [DAY 8] iter=250 NEW BEST: matchTypes=0 todayTypes=4 stocks=5 (eff=5) steps=0 endDist=3
2026/09/10 17:12:58 [DAY 8] iter=253 NEW BEST: matchTypes=0 todayTypes=4 stocks=5 (eff=5) steps=0 endDist=3
2026/09/10 17:12:58 [DAY 8] iter=254 NEW BEST: matchTypes=0 todayTypes=4 stocks=5 (eff=5) steps=0 endDist=3
2026/09/10 17:12:58 [DAY 8] iter=257 NEW BEST: matchTypes=0 todayTypes=4 stocks=5 (eff=5) steps=0 endDist=3
2026/09/10 17:12:58 [DAY 8] iter=258 NEW BEST: matchTypes=0 todayTypes=4 stocks=5 (eff=5) steps=0 endDist=3
2026/09/10 17:12:58 [DAY 8] iter=261 NEW BEST: matchTypes=0 todayTypes=4 stocks=5 (eff=5) steps=0 endDist=3
2026/09/10 17:12:58 [DAY 8] iter=263 NEW BEST: matchTypes=0 todayTypes=4 stocks=5 (eff=5) steps=0 endDist=3
2026/09/10 17:12:58 [DAY 8] iter=266 NEW BEST: matchTypes=0 todayTypes=4 stocks=5 (eff=5) steps=0 endDist=3
2026/09/10 17:12:58 [DAY 8] iter=269 NEW BEST: matchTypes=0 todayTypes=4 stocks=5 (eff=5) steps=0 endDist=3
2026/09/10 17:12:58 [DAY 8] iter=272 NEW BEST: matchTypes=0 todayTypes=4 stocks=5 (eff=5) steps=0 endDist=3
2026/09/10 17:12:58 [DAY 8] iter=273 NEW BEST: matchTypes=0 todayTypes=4 stocks=5 (eff=5) steps=0 endDist=3
2026/09/10 17:12:58 [DAY 8] iter=274 NEW BEST: matchTypes=0 todayTypes=4 stocks=5 (eff=5) steps=0 endDist=3
2026/09/10 17:12:58 [DAY 8] iter=275 NEW BEST: matchTypes=0 todayTypes=4 stocks=5 (eff=5) steps=0 endDist=3
2026/09/10 17:12:58 [DAY 8] iter=276 NEW BEST: matchTypes=0 todayTypes=4 stocks=5 (eff=5) steps=0 endDist=3
2026/09/10 17:12:58 [DAY 8] iter=278 NEW BEST: matchTypes=0 todayTypes=4 stocks=5 (eff=5) steps=0 endDist=3
2026/09/10 17:12:58 [DAY 8] iter=280 NEW BEST: matchTypes=0 todayTypes=4 stocks=5 (eff=5) steps=0 endDist=3
2026/09/10 17:12:58 [DAY 8] iter=282 NEW BEST: matchTypes=0 todayTypes=4 stocks=5 (eff=5) steps=0 endDist=3
2026/09/10 17:12:58 [DAY 8] iter=283 NEW BEST: matchTypes=0 todayTypes=4 stocks=5 (eff=5) steps=0 endDist=3
2026/09/10 17:12:58 [DAY 8] iter=284 NEW BEST: matchTypes=0 todayTypes=4 stocks=5 (eff=5) steps=0 endDist=3
2026/09/10 17:12:58 [DAY 8] iter=285 NEW BEST: matchTypes=0 todayTypes=4 stocks=5 (eff=5) steps=0 endDist=3
2026/09/10 17:12:58 [DAY 8] iter=287 NEW BEST: matchTypes=0 todayTypes=4 stocks=5 (eff=5) steps=0 endDist=3
2026/09/10 17:12:58 [DAY 8] iter=288 NEW BEST: matchTypes=0 todayTypes=4 stocks=5 (eff=5) steps=0 endDist=3
2026/09/10 17:12:58 [DAY 8] iter=289 NEW BEST: matchTypes=0 todayTypes=4 stocks=5 (eff=5) steps=0 endDist=3
2026/09/10 17:12:58 [DAY 8] iter=290 NEW BEST: matchTypes=0 todayTypes=4 stocks=5 (eff=5) steps=0 endDist=3
2026/09/10 17:12:58 [DAY 8] iter=291 NEW BEST: matchTypes=0 todayTypes=4 stocks=5 (eff=5) steps=0 endDist=3
2026/09/10 17:12:58 [DAY 8] iter=292 NEW BEST: matchTypes=0 todayTypes=4 stocks=5 (eff=5) steps=0 endDist=3
2026/09/10 17:12:58 [DAY 8] iter=296 NEW BEST: matchTypes=0 todayTypes=4 stocks=5 (eff=5) steps=0 endDist=3
2026/09/10 17:12:58 [DAY 8] iter=300 NEW BEST: matchTypes=0 todayTypes=4 stocks=5 (eff=5) steps=0 endDist=3
2026/09/10 17:12:58 [DAY 8] iter=301 NEW BEST: matchTypes=0 todayTypes=4 stocks=5 (eff=5) steps=0 endDist=3
2026/09/10 17:12:58 [DAY 8] iter=302 NEW BEST: matchTypes=0 todayTypes=4 stocks=5 (eff=5) steps=0 endDist=3
2026/09/10 17:12:58 [DAY 8] iter=303 NEW BEST: matchTypes=0 todayTypes=4 stocks=5 (eff=5) steps=0 endDist=3
2026/09/10 17:12:58 [DAY 8] iter=304 NEW BEST: matchTypes=0 todayTypes=4 stocks=5 (eff=5) steps=0 endDist=3
2026/09/10 17:12:58 [DAY 8] iter=305 NEW BEST: matchTypes=0 todayTypes=4 stocks=5 (eff=5) steps=0 endDist=3
2026/09/10 17:12:58 [DAY 8] iter=309 NEW BEST: matchTypes=0 todayTypes=4 stocks=5 (eff=5) steps=0 endDist=3
2026/09/10 17:12:58 [DAY 8] iter=312 NEW BEST: matchTypes=0 todayTypes=4 stocks=5 (eff=5) steps=0 endDist=3
2026/09/10 17:12:58 [DAY 8] iter=314 NEW BEST: matchTypes=0 todayTypes=4 stocks=5 (eff=5) steps=0 endDist=3
2026/09/10 17:12:58 [DAY 8] iter=315 NEW BEST: matchTypes=0 todayTypes=4 stocks=5 (eff=5) steps=0 endDist=3
2026/09/10 17:12:58 [DAY 8] iter=316 NEW BEST: matchTypes=0 todayTypes=4 stocks=5 (eff=5) steps=0 endDist=3
2026/09/10 17:12:58 [DAY 8] iter=318 NEW BEST: matchTypes=0 todayTypes=4 stocks=5 (eff=5) steps=0 endDist=3
2026/09/10 17:12:58 [DAY 8] iter=319 NEW BEST: matchTypes=0 todayTypes=4 stocks=5 (eff=5) steps=0 endDist=3
2026/09/10 17:12:58 [DAY 8] iter=321 NEW BEST: matchTypes=0 todayTypes=4 stocks=5 (eff=5) steps=0 endDist=3
2026/09/10 17:12:58 [DAY 8] iter=322 NEW BEST: matchTypes=0 todayTypes=4 stocks=5 (eff=5) steps=0 endDist=3
2026/09/10 17:12:58 [DAY 8] iter=323 NEW BEST: matchTypes=0 todayTypes=4 stocks=5 (eff=5) steps=0 endDist=3
2026/09/10 17:12:58 [DAY 8] iter=327 NEW BEST: matchTypes=0 todayTypes=4 stocks=5 (eff=5) steps=0 endDist=3
2026/09/10 17:12:58 [DAY 8] iter=329 NEW BEST: matchTypes=0 todayTypes=4 stocks=5 (eff=5) steps=0 endDist=3
2026/09/10 17:12:58 [DAY 8] iter=332 NEW BEST: matchTypes=0 todayTypes=4 stocks=5 (eff=5) steps=0 endDist=3
2026/09/10 17:12:58 [DAY 8] iter=333 NEW BEST: matchTypes=0 todayTypes=4 stocks=5 (eff=5) steps=0 endDist=3
2026/09/10 17:12:58 [DAY 8] iter=335 NEW BEST: matchTypes=0 todayTypes=4 stocks=5 (eff=5) steps=0 endDist=3
2026/09/10 17:12:58 [DAY 8] iter=336 NEW BEST: matchTypes=0 todayTypes=4 stocks=5 (eff=5) steps=0 endDist=3
2026/09/10 17:12:58 [DAY 8] iter=337 NEW BEST: matchTypes=0 todayTypes=4 stocks=5 (eff=5) steps=0 endDist=3
2026/09/10 17:12:58 [DAY 8] iter=338 NEW BEST: matchTypes=0 todayTypes=4 stocks=5 (eff=5) steps=0 endDist=3
2026/09/10 17:12:58 [DAY 8] iter=339 NEW BEST: matchTypes=0 todayTypes=4 stocks=5 (eff=5) steps=0 endDist=3
2026/09/10 17:12:58 [DAY 8] iter=341 NEW BEST: matchTypes=0 todayTypes=4 stocks=5 (eff=5) steps=0 endDist=3
2026/09/10 17:12:58 [DAY 8] iter=342 NEW BEST: matchTypes=0 todayTypes=4 stocks=5 (eff=5) steps=0 endDist=3
2026/09/10 17:12:58 [DAY 8] iter=343 NEW BEST: matchTypes=0 todayTypes=4 stocks=5 (eff=5) steps=0 endDist=3
2026/09/10 17:12:58 [DAY 8] iter=345 NEW BEST: matchTypes=0 todayTypes=4 stocks=5 (eff=5) steps=0 endDist=3
2026/09/10 17:12:58 [DAY 8] iter=347 NEW BEST: matchTypes=0 todayTypes=4 stocks=5 (eff=5) steps=0 endDist=3
2026/09/10 17:12:58 [DAY 8] iter=351 NEW BEST: matchTypes=0 todayTypes=4 stocks=5 (eff=5) steps=0 endDist=3
2026/09/10 17:12:58 [DAY 8] iter=352 NEW BEST: matchTypes=0 todayTypes=4 stocks=5 (eff=5) steps=0 endDist=3
2026/09/10 17:12:58 [DAY 8] iter=354 NEW BEST: matchTypes=0 todayTypes=4 stocks=5 (eff=5) steps=0 endDist=3
2026/09/10 17:12:58 [DAY 8] iter=355 NEW BEST: matchTypes=0 todayTypes=4 stocks=5 (eff=5) steps=0 endDist=3
2026/09/10 17:12:58 [DAY 8] iter=356 NEW BEST: matchTypes=0 todayTypes=4 stocks=5 (eff=5) steps=0 endDist=3
2026/09/10 17:12:58 [DAY 8] iter=357 NEW BEST: matchTypes=0 todayTypes=4 stocks=5 (eff=5) steps=0 endDist=3
2026/09/10 17:12:58 [DAY 8] iter=359 NEW BEST: matchTypes=0 todayTypes=4 stocks=5 (eff=5) steps=0 endDist=3
2026/09/10 17:12:58 [DAY 8] iter=361 NEW BEST: matchTypes=0 todayTypes=4 stocks=5 (eff=5) steps=0 endDist=3
2026/09/10 17:12:58 [DAY 8] iter=362 NEW BEST: matchTypes=0 todayTypes=4 stocks=5 (eff=5) steps=0 endDist=3
2026/09/10 17:12:58 [DAY 8] iter=366 NEW BEST: matchTypes=0 todayTypes=4 stocks=5 (eff=5) steps=0 endDist=3
2026/09/10 17:12:58 [DAY 8] iter=367 NEW BEST: matchTypes=0 todayTypes=4 stocks=5 (eff=5) steps=0 endDist=3
2026/09/10 17:12:58 [DAY 8] iter=368 NEW BEST: matchTypes=0 todayTypes=4 stocks=5 (eff=5) steps=0 endDist=3
2026/09/10 17:12:58 [DAY 8] iter=369 NEW BEST: matchTypes=0 todayTypes=4 stocks=5 (eff=5) steps=0 endDist=3
2026/09/10 17:12:58 [DAY 8] iter=372 NEW BEST: matchTypes=0 todayTypes=4 stocks=5 (eff=5) steps=0 endDist=3
2026/09/10 17:12:58 [DAY 8] iter=375 NEW BEST: matchTypes=0 todayTypes=4 stocks=5 (eff=5) steps=0 endDist=3
2026/09/10 17:12:58 [DAY 8] iter=378 NEW BEST: matchTypes=0 todayTypes=4 stocks=5 (eff=5) steps=0 endDist=3
2026/09/10 17:12:58 [DAY 8] iter=379 NEW BEST: matchTypes=0 todayTypes=4 stocks=5 (eff=5) steps=0 endDist=3
2026/09/10 17:12:58 [DAY 8] iter=381 NEW BEST: matchTypes=0 todayTypes=4 stocks=5 (eff=5) steps=0 endDist=3
2026/09/10 17:12:58 [DAY 8] iter=382 NEW BEST: matchTypes=0 todayTypes=4 stocks=5 (eff=5) steps=0 endDist=3
2026/09/10 17:12:58 [DAY 8] iter=383 NEW BEST: matchTypes=0 todayTypes=4 stocks=5 (eff=5) steps=0 endDist=3
2026/09/10 17:12:58 [DAY 8] iter=384 NEW BEST: matchTypes=0 todayTypes=4 stocks=5 (eff=5) steps=0 endDist=3
2026/09/10 17:12:58 [DAY 8] iter=385 NEW BEST: matchTypes=0 todayTypes=4 stocks=5 (eff=5) steps=0 endDist=3
2026/09/10 17:12:58 [DAY 8] iter=386 NEW BEST: matchTypes=0 todayTypes=4 stocks=5 (eff=5) steps=0 endDist=3
2026/09/10 17:12:58 [DAY 8] iter=387 NEW BEST: matchTypes=0 todayTypes=4 stocks=5 (eff=5) steps=0 endDist=3
2026/09/10 17:12:58 [DAY 8] iter=389 NEW BEST: matchTypes=0 todayTypes=4 stocks=5 (eff=5) steps=0 endDist=3
2026/09/10 17:12:58 [DAY 8] iter=391 NEW BEST: matchTypes=0 todayTypes=4 stocks=5 (eff=5) steps=0 endDist=3
2026/09/10 17:12:58 [DAY 8] iter=394 NEW BEST: matchTypes=0 todayTypes=4 stocks=5 (eff=5) steps=0 endDist=3
2026/09/10 17:12:58 [DAY 8] iter=395 NEW BEST: matchTypes=0 todayTypes=4 stocks=5 (eff=5) steps=0 endDist=3
2026/09/10 17:12:58 [DAY 8] iter=396 NEW BEST: matchTypes=0 todayTypes=4 stocks=5 (eff=5) steps=0 endDist=3
2026/09/10 17:12:58 [DAY 8] iter=397 NEW BEST: matchTypes=0 todayTypes=4 stocks=5 (eff=5) steps=0 endDist=3
2026/09/10 17:12:58 [DAY 8] iter=398 NEW BEST: matchTypes=0 todayTypes=4 stocks=5 (eff=5) steps=0 endDist=3
2026/09/10 17:12:58 [DAY 8] iter=400 NEW BEST: matchTypes=0 todayTypes=4 stocks=5 (eff=5) steps=0 endDist=3
2026/09/10 17:12:58 [DAY 8] iter=404 NEW BEST: matchTypes=0 todayTypes=4 stocks=5 (eff=5) steps=0 endDist=3
2026/09/10 17:12:58 [DAY 8] iter=405 NEW BEST: matchTypes=0 todayTypes=4 stocks=5 (eff=5) steps=0 endDist=3
2026/09/10 17:12:58 [DAY 8] iter=407 NEW BEST: matchTypes=0 todayTypes=4 stocks=5 (eff=5) steps=0 endDist=3
2026/09/10 17:12:58 [DAY 8] iter=408 NEW BEST: matchTypes=0 todayTypes=4 stocks=5 (eff=5) steps=0 endDist=3
2026/09/10 17:12:58 [DAY 8] iter=409 NEW BEST: matchTypes=0 todayTypes=4 stocks=5 (eff=5) steps=0 endDist=3
2026/09/10 17:12:58 [DAY 8] iter=410 NEW BEST: matchTypes=0 todayTypes=4 stocks=5 (eff=5) steps=0 endDist=3
2026/09/10 17:12:58 [DAY 8] iter=413 NEW BEST: matchTypes=0 todayTypes=4 stocks=5 (eff=5) steps=0 endDist=3
2026/09/10 17:12:58 [DAY 8] iter=414 NEW BEST: matchTypes=0 todayTypes=4 stocks=5 (eff=5) steps=0 endDist=3
2026/09/10 17:12:58 [DAY 8] iter=415 NEW BEST: matchTypes=0 todayTypes=4 stocks=5 (eff=5) steps=0 endDist=3
2026/09/10 17:12:58 [DAY 8] iter=426 NEW BEST: matchTypes=0 todayTypes=4 stocks=5 (eff=5) steps=0 endDist=3
2026/09/10 17:12:58 [DAY 8] iter=428 NEW BEST: matchTypes=0 todayTypes=4 stocks=5 (eff=5) steps=0 endDist=3
2026/09/10 17:12:58 [DAY 8] iter=431 NEW BEST: matchTypes=0 todayTypes=4 stocks=5 (eff=5) steps=0 endDist=3
2026/09/10 17:12:58 [DAY 8] iter=436 NEW BEST: matchTypes=0 todayTypes=4 stocks=5 (eff=5) steps=0 endDist=3
2026/09/10 17:12:58 [DAY 8] iter=437 NEW BEST: matchTypes=0 todayTypes=4 stocks=5 (eff=5) steps=0 endDist=3
2026/09/10 17:12:58 [DAY 8] iter=438 NEW BEST: matchTypes=0 todayTypes=4 stocks=5 (eff=5) steps=0 endDist=3
2026/09/10 17:12:58 [DAY 8] iter=439 NEW BEST: matchTypes=0 todayTypes=4 stocks=5 (eff=5) steps=0 endDist=3
2026/09/10 17:12:58 [DAY 8] iter=440 NEW BEST: matchTypes=0 todayTypes=4 stocks=5 (eff=5) steps=0 endDist=3
2026/09/10 17:12:58 [DAY 8] iter=441 NEW BEST: matchTypes=0 todayTypes=4 stocks=5 (eff=5) steps=0 endDist=3
2026/09/10 17:12:58 [DAY 8] iter=443 NEW BEST: matchTypes=0 todayTypes=4 stocks=5 (eff=5) steps=0 endDist=3
2026/09/10 17:12:58 [DAY 8] iter=444 NEW BEST: matchTypes=0 todayTypes=4 stocks=5 (eff=5) steps=0 endDist=3
2026/09/10 17:12:58 [DAY 8] iter=446 NEW BEST: matchTypes=0 todayTypes=4 stocks=5 (eff=5) steps=0 endDist=3
2026/09/10 17:12:58 [DAY 8] iter=447 NEW BEST: matchTypes=0 todayTypes=4 stocks=5 (eff=5) steps=0 endDist=3
2026/09/10 17:12:58 [DAY 8] iter=448 NEW BEST: matchTypes=0 todayTypes=4 stocks=5 (eff=5) steps=0 endDist=3
2026/09/10 17:12:58 [DAY 8] iter=449 NEW BEST: matchTypes=0 todayTypes=4 stocks=5 (eff=5) steps=0 endDist=3
2026/09/10 17:12:58 [DAY 8] iter=451 NEW BEST: matchTypes=0 todayTypes=4 stocks=5 (eff=5) steps=0 endDist=3
2026/09/10 17:12:58 [DAY 8] iter=452 NEW BEST: matchTypes=0 todayTypes=4 stocks=5 (eff=5) steps=0 endDist=3
2026/09/10 17:12:58 [DAY 8] iter=453 NEW BEST: matchTypes=0 todayTypes=4 stocks=5 (eff=5) steps=0 endDist=3
2026/09/10 17:12:58 [DAY 8] iter=454 NEW BEST: matchTypes=0 todayTypes=4 stocks=5 (eff=5) steps=0 endDist=3
2026/09/10 17:12:58 [DAY 8] iter=456 NEW BEST: matchTypes=0 todayTypes=4 stocks=5 (eff=5) steps=0 endDist=3
2026/09/10 17:12:58 [DAY 8] iter=460 NEW BEST: matchTypes=0 todayTypes=4 stocks=5 (eff=5) steps=0 endDist=3
2026/09/10 17:12:58 [DAY 8] iter=463 NEW BEST: matchTypes=0 todayTypes=4 stocks=5 (eff=5) steps=0 endDist=3
2026/09/10 17:12:58 [DAY 8] iter=464 NEW BEST: matchTypes=0 todayTypes=4 stocks=5 (eff=5) steps=0 endDist=3
2026/09/10 17:12:58 [DAY 8] iter=465 NEW BEST: matchTypes=0 todayTypes=4 stocks=5 (eff=5) steps=0 endDist=3
2026/09/10 17:12:58 [DAY 8] iter=466 NEW BEST: matchTypes=0 todayTypes=4 stocks=5 (eff=5) steps=0 endDist=3
2026/09/10 17:12:58 [DAY 8] iter=467 NEW BEST: matchTypes=0 todayTypes=4 stocks=5 (eff=5) steps=0 endDist=3
2026/09/10 17:12:58 [DAY 8] iter=468 NEW BEST: matchTypes=0 todayTypes=4 stocks=5 (eff=5) steps=0 endDist=3
2026/09/10 17:12:58 [DAY 8] iter=469 NEW BEST: matchTypes=0 todayTypes=4 stocks=5 (eff=5) steps=0 endDist=3
2026/09/10 17:12:58 [DAY 8] iter=470 NEW BEST: matchTypes=0 todayTypes=4 stocks=5 (eff=5) steps=0 endDist=3
2026/09/10 17:12:58 [DAY 8] iter=475 NEW BEST: matchTypes=0 todayTypes=4 stocks=5 (eff=5) steps=0 endDist=3
2026/09/10 17:12:58 [DAY 8] iter=476 NEW BEST: matchTypes=0 todayTypes=4 stocks=5 (eff=5) steps=0 endDist=3
2026/09/10 17:12:58 [DAY 8] iter=477 NEW BEST: matchTypes=0 todayTypes=4 stocks=5 (eff=5) steps=0 endDist=3
2026/09/10 17:12:58 [DAY 8] iter=478 NEW BEST: matchTypes=0 todayTypes=4 stocks=5 (eff=5) steps=0 endDist=3
2026/09/10 17:12:58 [DAY 8] iter=480 NEW BEST: matchTypes=0 todayTypes=4 stocks=5 (eff=5) steps=0 endDist=3
2026/09/10 17:12:58 [DAY 8] iter=481 NEW BEST: matchTypes=0 todayTypes=4 stocks=5 (eff=5) steps=0 endDist=3
2026/09/10 17:12:58 [DAY 8] iter=484 NEW BEST: matchTypes=0 todayTypes=4 stocks=5 (eff=5) steps=0 endDist=3
2026/09/10 17:12:58 [DAY 8] iter=487 NEW BEST: matchTypes=0 todayTypes=4 stocks=5 (eff=5) steps=0 endDist=3
2026/09/10 17:12:58 [DAY 8] iter=488 NEW BEST: matchTypes=0 todayTypes=4 stocks=5 (eff=5) steps=0 endDist=3
2026/09/10 17:12:58 [DAY 8] iter=490 NEW BEST: matchTypes=0 todayTypes=4 stocks=5 (eff=5) steps=0 endDist=3
2026/09/10 17:12:58 [DAY 8] iter=492 NEW BEST: matchTypes=0 todayTypes=4 stocks=5 (eff=5) steps=0 endDist=3
2026/09/10 17:12:58 [DAY 8] iter=493 NEW BEST: matchTypes=0 todayTypes=4 stocks=5 (eff=5) steps=0 endDist=3
2026/09/10 17:12:58 [DAY 8] iter=497 NEW BEST: matchTypes=0 todayTypes=4 stocks=5 (eff=5) steps=0 endDist=3
2026/09/10 17:12:58 [DAY 8] iter=498 NEW BEST: matchTypes=0 todayTypes=4 stocks=5 (eff=5) steps=0 endDist=3
2026/09/10 17:12:58 [DAY 8] iter=500 NEW BEST: matchTypes=0 todayTypes=4 stocks=5 (eff=5) steps=0 endDist=3
2026/09/10 17:12:58 [DAY 8] iter=502 NEW BEST: matchTypes=0 todayTypes=4 stocks=5 (eff=5) steps=0 endDist=3
2026/09/10 17:12:58 [DAY 8] iter=503 NEW BEST: matchTypes=0 todayTypes=4 stocks=5 (eff=5) steps=0 endDist=3
2026/09/10 17:12:58 [DAY 8] iter=506 NEW BEST: matchTypes=0 todayTypes=4 stocks=5 (eff=5) steps=0 endDist=3
2026/09/10 17:12:58 [DAY 8] iter=507 NEW BEST: matchTypes=0 todayTypes=4 stocks=5 (eff=5) steps=0 endDist=3
2026/09/10 17:12:58 [DAY 8] iter=508 NEW BEST: matchTypes=0 todayTypes=4 stocks=5 (eff=5) steps=0 endDist=3
2026/09/10 17:12:58 [DAY 8] iter=510 NEW BEST: matchTypes=0 todayTypes=4 stocks=5 (eff=5) steps=0 endDist=3
2026/09/10 17:12:58 [DAY 8] iter=512 NEW BEST: matchTypes=0 todayTypes=4 stocks=5 (eff=5) steps=0 endDist=3
2026/09/10 17:12:58 [DAY 8] iter=513 NEW BEST: matchTypes=0 todayTypes=4 stocks=5 (eff=5) steps=0 endDist=3
2026/09/10 17:12:58 [DAY 8] iter=514 NEW BEST: matchTypes=0 todayTypes=4 stocks=5 (eff=5) steps=0 endDist=3
2026/09/10 17:12:58 [DAY 8] iter=516 NEW BEST: matchTypes=0 todayTypes=4 stocks=5 (eff=5) steps=0 endDist=3
2026/09/10 17:12:58 [DAY 8] iter=518 NEW BEST: matchTypes=0 todayTypes=4 stocks=5 (eff=5) steps=0 endDist=3
2026/09/10 17:12:58 [DAY 8] iter=519 NEW BEST: matchTypes=0 todayTypes=4 stocks=5 (eff=5) steps=0 endDist=3
2026/09/10 17:12:58 [DAY 8] iter=521 NEW BEST: matchTypes=0 todayTypes=4 stocks=5 (eff=5) steps=0 endDist=3
2026/09/10 17:12:58 [DAY 8] iter=523 NEW BEST: matchTypes=0 todayTypes=4 stocks=5 (eff=5) steps=0 endDist=3
2026/09/10 17:12:58 [DAY 8] iter=524 NEW BEST: matchTypes=0 todayTypes=4 stocks=5 (eff=5) steps=0 endDist=3
2026/09/10 17:12:58 [DAY 8] iter=525 NEW BEST: matchTypes=0 todayTypes=4 stocks=5 (eff=5) steps=0 endDist=3
2026/09/10 17:12:58 [DAY 8] iter=527 NEW BEST: matchTypes=0 todayTypes=4 stocks=5 (eff=5) steps=0 endDist=3
2026/09/10 17:12:58 [DAY 8] iter=528 NEW BEST: matchTypes=0 todayTypes=4 stocks=5 (eff=5) steps=0 endDist=3
2026/09/10 17:12:58 [DAY 8] iter=529 NEW BEST: matchTypes=0 todayTypes=4 stocks=5 (eff=5) steps=0 endDist=3
2026/09/10 17:12:58 [DAY 8] iter=530 NEW BEST: matchTypes=0 todayTypes=4 stocks=5 (eff=5) steps=0 endDist=3
2026/09/10 17:12:58 [DAY 8] iter=531 NEW BEST: matchTypes=0 todayTypes=4 stocks=5 (eff=5) steps=0 endDist=3
2026/09/10 17:12:58 [DAY 8] iter=532 NEW BEST: matchTypes=0 todayTypes=4 stocks=5 (eff=5) steps=0 endDist=3
2026/09/10 17:12:58 [DAY 8] iter=534 NEW BEST: matchTypes=0 todayTypes=4 stocks=5 (eff=5) steps=0 endDist=3
2026/09/10 17:12:58 [DAY 8] iter=535 NEW BEST: matchTypes=0 todayTypes=4 stocks=5 (eff=5) steps=0 endDist=3
2026/09/10 17:12:58 [DAY 8] iter=536 NEW BEST: matchTypes=0 todayTypes=4 stocks=5 (eff=5) steps=0 endDist=3
2026/09/10 17:12:58 [DAY 8] iter=537 NEW BEST: matchTypes=0 todayTypes=4 stocks=5 (eff=5) steps=0 endDist=3
2026/09/10 17:12:58 [DAY 8] iter=540 NEW BEST: matchTypes=0 todayTypes=4 stocks=5 (eff=5) steps=0 endDist=3
2026/09/10 17:12:58 [DAY 8] iter=541 NEW BEST: matchTypes=0 todayTypes=4 stocks=5 (eff=5) steps=0 endDist=3
2026/09/10 17:12:58 [DAY 8] iter=542 NEW BEST: matchTypes=0 todayTypes=4 stocks=5 (eff=5) steps=0 endDist=3
2026/09/10 17:12:58 [DAY 8] iter=544 NEW BEST: matchTypes=0 todayTypes=4 stocks=5 (eff=5) steps=0 endDist=3
2026/09/10 17:12:58 [DAY 8] iter=546 NEW BEST: matchTypes=0 todayTypes=4 stocks=5 (eff=5) steps=0 endDist=3
2026/09/10 17:12:58 [DAY 8] iter=549 NEW BEST: matchTypes=0 todayTypes=4 stocks=5 (eff=5) steps=0 endDist=3
2026/09/10 17:12:58 [DAY 8] iter=550 NEW BEST: matchTypes=0 todayTypes=4 stocks=5 (eff=5) steps=0 endDist=3
2026/09/10 17:12:58 [DAY 8] iter=551 NEW BEST: matchTypes=0 todayTypes=4 stocks=5 (eff=5) steps=0 endDist=3
2026/09/10 17:12:58 [DAY 8] iter=552 NEW BEST: matchTypes=0 todayTypes=4 stocks=5 (eff=5) steps=0 endDist=3
2026/09/10 17:12:58 [DAY 8] iter=554 NEW BEST: matchTypes=0 todayTypes=4 stocks=5 (eff=5) steps=0 endDist=3
2026/09/10 17:12:58 [DAY 8] iter=555 NEW BEST: matchTypes=0 todayTypes=4 stocks=5 (eff=5) steps=0 endDist=3
2026/09/10 17:12:58 [DAY 8] iter=556 NEW BEST: matchTypes=0 todayTypes=4 stocks=5 (eff=5) steps=0 endDist=3
2026/09/10 17:12:58 [DAY 8] iter=557 NEW BEST: matchTypes=0 todayTypes=4 stocks=5 (eff=5) steps=0 endDist=3
2026/09/10 17:12:58 [DAY 8] iter=558 NEW BEST: matchTypes=0 todayTypes=4 stocks=5 (eff=5) steps=0 endDist=3
2026/09/10 17:12:58 [DAY 8] iter=560 NEW BEST: matchTypes=0 todayTypes=4 stocks=5 (eff=5) steps=0 endDist=3
2026/09/10 17:12:58 [DAY 8] iter=561 NEW BEST: matchTypes=0 todayTypes=4 stocks=5 (eff=5) steps=0 endDist=3
2026/09/10 17:12:58 [DAY 8] iter=562 NEW BEST: matchTypes=0 todayTypes=4 stocks=5 (eff=5) steps=0 endDist=3
2026/09/10 17:12:58 [DAY 8] iter=563 NEW BEST: matchTypes=0 todayTypes=4 stocks=5 (eff=5) steps=0 endDist=3
2026/09/10 17:12:58 [DAY 8] iter=566 NEW BEST: matchTypes=0 todayTypes=4 stocks=5 (eff=5) steps=0 endDist=3
2026/09/10 17:12:58 [DAY 8] iter=567 NEW BEST: matchTypes=0 todayTypes=4 stocks=5 (eff=5) steps=0 endDist=3
2026/09/10 17:12:58 [DAY 8] iter=572 NEW BEST: matchTypes=0 todayTypes=4 stocks=5 (eff=5) steps=0 endDist=3
2026/09/10 17:12:58 [DAY 8] iter=574 NEW BEST: matchTypes=0 todayTypes=4 stocks=5 (eff=5) steps=0 endDist=3
2026/09/10 17:12:58 [DAY 8] iter=576 NEW BEST: matchTypes=0 todayTypes=4 stocks=5 (eff=5) steps=0 endDist=3
2026/09/10 17:12:58 [DAY 8] iter=577 NEW BEST: matchTypes=0 todayTypes=4 stocks=5 (eff=5) steps=0 endDist=3
2026/09/10 17:12:58 [DAY 8] iter=580 NEW BEST: matchTypes=0 todayTypes=4 stocks=5 (eff=5) steps=0 endDist=3
2026/09/10 17:12:58 [DAY 8] iter=581 NEW BEST: matchTypes=0 todayTypes=4 stocks=5 (eff=5) steps=0 endDist=3
2026/09/10 17:12:58 [DAY 8] iter=582 NEW BEST: matchTypes=0 todayTypes=4 stocks=5 (eff=5) steps=0 endDist=3
2026/09/10 17:12:58 [DAY 8] iter=584 NEW BEST: matchTypes=0 todayTypes=4 stocks=5 (eff=5) steps=0 endDist=3
2026/09/10 17:12:58 [DAY 8] iter=587 NEW BEST: matchTypes=0 todayTypes=4 stocks=5 (eff=5) steps=0 endDist=3
2026/09/10 17:12:58 [DAY 8] iter=588 NEW BEST: matchTypes=0 todayTypes=4 stocks=5 (eff=5) steps=0 endDist=3
2026/09/10 17:12:58 [DAY 8] iter=589 NEW BEST: matchTypes=0 todayTypes=4 stocks=5 (eff=5) steps=0 endDist=3
2026/09/10 17:12:58 [DAY 8] iter=590 NEW BEST: matchTypes=0 todayTypes=4 stocks=5 (eff=5) steps=0 endDist=3
2026/09/10 17:12:58 [DAY 8] iter=591 NEW BEST: matchTypes=0 todayTypes=4 stocks=5 (eff=5) steps=0 endDist=3
2026/09/10 17:12:58 [DAY 8] iter=592 NEW BEST: matchTypes=0 todayTypes=4 stocks=5 (eff=5) steps=0 endDist=3
2026/09/10 17:12:58 [DAY 8] iter=598 NEW BEST: matchTypes=0 todayTypes=4 stocks=5 (eff=5) steps=0 endDist=3
2026/09/10 17:12:58 [DAY 8] iter=599 NEW BEST: matchTypes=0 todayTypes=4 stocks=5 (eff=5) steps=0 endDist=3
2026/09/10 17:12:58 [DAY 8] iter=602 NEW BEST: matchTypes=0 todayTypes=4 stocks=5 (eff=5) steps=0 endDist=3
2026/09/10 17:12:58 [DAY 8] iter=603 NEW BEST: matchTypes=0 todayTypes=4 stocks=5 (eff=5) steps=0 endDist=3
2026/09/10 17:12:58 [DAY 8] iter=605 NEW BEST: matchTypes=0 todayTypes=4 stocks=5 (eff=5) steps=0 endDist=3
2026/09/10 17:12:58 [DAY 8] iter=607 NEW BEST: matchTypes=0 todayTypes=4 stocks=5 (eff=5) steps=0 endDist=3
2026/09/10 17:12:58 [DAY 8] iter=608 NEW BEST: matchTypes=0 todayTypes=4 stocks=5 (eff=5) steps=0 endDist=3
2026/09/10 17:12:58 [DAY 8] iter=609 NEW BEST: matchTypes=0 todayTypes=4 stocks=5 (eff=5) steps=0 endDist=3
2026/09/10 17:12:58 [DAY 8] iter=610 NEW BEST: matchTypes=0 todayTypes=4 stocks=5 (eff=5) steps=0 endDist=3
2026/09/10 17:12:58 [DAY 8] iter=612 NEW BEST: matchTypes=0 todayTypes=4 stocks=5 (eff=5) steps=0 endDist=3
2026/09/10 17:12:58 [DAY 8] iter=613 NEW BEST: matchTypes=0 todayTypes=4 stocks=5 (eff=5) steps=0 endDist=3
2026/09/10 17:12:58 [DAY 8] iter=614 NEW BEST: matchTypes=0 todayTypes=4 stocks=5 (eff=5) steps=0 endDist=3
2026/09/10 17:12:58 [DAY 8] iter=615 NEW BEST: matchTypes=0 todayTypes=4 stocks=5 (eff=5) steps=0 endDist=3
2026/09/10 17:12:58 [DAY 8] iter=617 NEW BEST: matchTypes=0 todayTypes=4 stocks=5 (eff=5) steps=0 endDist=3
2026/09/10 17:12:58 [DAY 8] iter=618 NEW BEST: matchTypes=0 todayTypes=4 stocks=5 (eff=5) steps=0 endDist=3
2026/09/10 17:12:58 [DAY 8] iter=619 NEW BEST: matchTypes=0 todayTypes=4 stocks=5 (eff=5) steps=0 endDist=3
2026/09/10 17:12:58 [DAY 8] iter=621 NEW BEST: matchTypes=0 todayTypes=4 stocks=5 (eff=5) steps=0 endDist=3
2026/09/10 17:12:58 [DAY 8] iter=622 NEW BEST: matchTypes=0 todayTypes=4 stocks=5 (eff=5) steps=0 endDist=3
2026/09/10 17:12:58 [DAY 8] iter=623 NEW BEST: matchTypes=0 todayTypes=4 stocks=5 (eff=5) steps=0 endDist=3
2026/09/10 17:12:58 [DAY 8] iter=624 NEW BEST: matchTypes=0 todayTypes=4 stocks=5 (eff=5) steps=0 endDist=3
2026/09/10 17:12:58 [DAY 8] iter=625 NEW BEST: matchTypes=0 todayTypes=4 stocks=5 (eff=5) steps=0 endDist=3
2026/09/10 17:12:58 [DAY 8] iter=626 NEW BEST: matchTypes=0 todayTypes=4 stocks=5 (eff=5) steps=0 endDist=3
2026/09/10 17:12:58 [DAY 8] iter=627 NEW BEST: matchTypes=0 todayTypes=4 stocks=5 (eff=5) steps=0 endDist=3
2026/09/10 17:12:58 [DAY 8] iter=629 NEW BEST: matchTypes=0 todayTypes=4 stocks=5 (eff=5) steps=0 endDist=3
2026/09/10 17:12:58 [DAY 8] iter=633 NEW BEST: matchTypes=0 todayTypes=4 stocks=5 (eff=5) steps=0 endDist=3
2026/09/10 17:12:58 [DAY 8] iter=635 NEW BEST: matchTypes=0 todayTypes=4 stocks=5 (eff=5) steps=0 endDist=3
2026/09/10 17:12:58 [DAY 8] iter=636 NEW BEST: matchTypes=0 todayTypes=4 stocks=5 (eff=5) steps=0 endDist=3
2026/09/10 17:12:58 [DAY 8] iter=638 NEW BEST: matchTypes=0 todayTypes=4 stocks=5 (eff=5) steps=0 endDist=3
2026/09/10 17:12:58 [DAY 8] iter=639 NEW BEST: matchTypes=0 todayTypes=4 stocks=5 (eff=5) steps=0 endDist=3
2026/09/10 17:12:58 [DAY 8] iter=640 NEW BEST: matchTypes=0 todayTypes=4 stocks=5 (eff=5) steps=0 endDist=3
2026/09/10 17:12:58 [DAY 8] iter=641 NEW BEST: matchTypes=0 todayTypes=4 stocks=5 (eff=5) steps=0 endDist=3
2026/09/10 17:12:58 [DAY 8] iter=642 NEW BEST: matchTypes=0 todayTypes=4 stocks=5 (eff=5) steps=0 endDist=3
2026/09/10 17:12:58 [DAY 8] iter=644 NEW BEST: matchTypes=0 todayTypes=4 stocks=5 (eff=5) steps=0 endDist=3
2026/09/10 17:12:58 [DAY 8] iter=645 NEW BEST: matchTypes=0 todayTypes=4 stocks=5 (eff=5) steps=0 endDist=3
2026/09/10 17:12:58 [DAY 8] iter=647 NEW BEST: matchTypes=0 todayTypes=4 stocks=5 (eff=5) steps=0 endDist=3
2026/09/10 17:12:58 [DAY 8] iter=650 NEW BEST: matchTypes=0 todayTypes=4 stocks=5 (eff=5) steps=0 endDist=3
2026/09/10 17:12:58 [DAY 8] iter=652 NEW BEST: matchTypes=0 todayTypes=4 stocks=5 (eff=5) steps=0 endDist=3
2026/09/10 17:12:58 [DAY 8] iter=654 NEW BEST: matchTypes=0 todayTypes=4 stocks=5 (eff=5) steps=0 endDist=3
2026/09/10 17:12:58 [DAY 8] iter=655 NEW BEST: matchTypes=0 todayTypes=4 stocks=5 (eff=5) steps=0 endDist=3
2026/09/10 17:12:58 [DAY 8] iter=657 NEW BEST: matchTypes=0 todayTypes=4 stocks=5 (eff=5) steps=0 endDist=3
2026/09/10 17:12:58 [DAY 8] iter=659 NEW BEST: matchTypes=0 todayTypes=4 stocks=5 (eff=5) steps=0 endDist=3
2026/09/10 17:12:58 [DAY 8] iter=661 NEW BEST: matchTypes=0 todayTypes=4 stocks=5 (eff=5) steps=0 endDist=3
2026/09/10 17:12:58 [DAY 8] iter=662 NEW BEST: matchTypes=0 todayTypes=4 stocks=5 (eff=5) steps=0 endDist=3
2026/09/10 17:12:58 [DAY 8] iter=663 NEW BEST: matchTypes=0 todayTypes=4 stocks=5 (eff=5) steps=0 endDist=3
2026/09/10 17:12:58 [DAY 8] iter=664 NEW BEST: matchTypes=0 todayTypes=4 stocks=5 (eff=5) steps=0 endDist=3
2026/09/10 17:12:58 [DAY 8] iter=665 NEW BEST: matchTypes=0 todayTypes=4 stocks=5 (eff=5) steps=0 endDist=3
2026/09/10 17:12:58 [DAY 8] iter=667 NEW BEST: matchTypes=0 todayTypes=4 stocks=5 (eff=5) steps=0 endDist=3
2026/09/10 17:12:58 [DAY 8] iter=668 NEW BEST: matchTypes=0 todayTypes=4 stocks=5 (eff=5) steps=0 endDist=3
2026/09/10 17:12:58 [DAY 8] iter=669 NEW BEST: matchTypes=0 todayTypes=4 stocks=5 (eff=5) steps=0 endDist=3
2026/09/10 17:12:58 [DAY 8] iter=673 NEW BEST: matchTypes=0 todayTypes=4 stocks=5 (eff=5) steps=0 endDist=3
2026/09/10 17:12:58 [DAY 8] iter=675 NEW BEST: matchTypes=0 todayTypes=4 stocks=5 (eff=5) steps=0 endDist=3
2026/09/10 17:12:58 [DAY 8] iter=678 NEW BEST: matchTypes=0 todayTypes=4 stocks=5 (eff=5) steps=0 endDist=3
2026/09/10 17:12:58 [DAY 8] iter=681 NEW BEST: matchTypes=0 todayTypes=4 stocks=5 (eff=5) steps=0 endDist=3
2026/09/10 17:12:58 [DAY 8] iter=685 NEW BEST: matchTypes=0 todayTypes=4 stocks=5 (eff=5) steps=0 endDist=3
2026/09/10 17:12:58 [DAY 8] iter=686 NEW BEST: matchTypes=0 todayTypes=4 stocks=5 (eff=5) steps=0 endDist=3
2026/09/10 17:12:58 [DAY 8] iter=688 NEW BEST: matchTypes=0 todayTypes=4 stocks=5 (eff=5) steps=0 endDist=3
2026/09/10 17:12:58 [DAY 8] iter=689 NEW BEST: matchTypes=0 todayTypes=4 stocks=5 (eff=5) steps=0 endDist=3
2026/09/10 17:12:58 [DAY 8] iter=690 NEW BEST: matchTypes=0 todayTypes=4 stocks=5 (eff=5) steps=0 endDist=3
2026/09/10 17:12:58 [DAY 8] iter=691 NEW BEST: matchTypes=0 todayTypes=4 stocks=5 (eff=5) steps=0 endDist=3
2026/09/10 17:12:58 [DAY 8] iter=695 NEW BEST: matchTypes=0 todayTypes=4 stocks=5 (eff=5) steps=0 endDist=3
2026/09/10 17:12:58 [DAY 8] iter=696 NEW BEST: matchTypes=0 todayTypes=4 stocks=5 (eff=5) steps=0 endDist=3
2026/09/10 17:12:58 [DAY 8] iter=699 NEW BEST: matchTypes=0 todayTypes=4 stocks=5 (eff=5) steps=0 endDist=3
2026/09/10 17:12:58 [DAY 8] iter=701 NEW BEST: matchTypes=0 todayTypes=4 stocks=5 (eff=5) steps=0 endDist=3
2026/09/10 17:12:58 [DAY 8] iter=702 NEW BEST: matchTypes=0 todayTypes=4 stocks=5 (eff=5) steps=0 endDist=3
2026/09/10 17:12:58 [DAY 8] iter=704 NEW BEST: matchTypes=0 todayTypes=4 stocks=5 (eff=5) steps=0 endDist=3
2026/09/10 17:12:58 [DAY 8] iter=705 NEW BEST: matchTypes=0 todayTypes=4 stocks=5 (eff=5) steps=0 endDist=3
2026/09/10 17:12:58 [DAY 8] iter=706 NEW BEST: matchTypes=0 todayTypes=4 stocks=5 (eff=5) steps=0 endDist=3
2026/09/10 17:12:58 [DAY 8] iter=707 NEW BEST: matchTypes=0 todayTypes=4 stocks=5 (eff=5) steps=0 endDist=3
2026/09/10 17:12:58 [DAY 8] iter=708 NEW BEST: matchTypes=0 todayTypes=4 stocks=5 (eff=5) steps=0 endDist=3
2026/09/10 17:12:58 [DAY 8] iter=709 NEW BEST: matchTypes=0 todayTypes=4 stocks=5 (eff=5) steps=0 endDist=3
2026/09/10 17:12:58 [DAY 8] iter=710 NEW BEST: matchTypes=0 todayTypes=4 stocks=5 (eff=5) steps=0 endDist=3
2026/09/10 17:12:58 [DAY 8] iter=711 NEW BEST: matchTypes=0 todayTypes=4 stocks=5 (eff=5) steps=0 endDist=3
2026/09/10 17:12:58 [DAY 8] iter=712 NEW BEST: matchTypes=0 todayTypes=4 stocks=5 (eff=5) steps=0 endDist=3
2026/09/10 17:12:58 [DAY 8] iter=713 NEW BEST: matchTypes=0 todayTypes=4 stocks=5 (eff=5) steps=0 endDist=3
2026/09/10 17:12:58 [DAY 8] iter=715 NEW BEST: matchTypes=0 todayTypes=4 stocks=5 (eff=5) steps=0 endDist=3
2026/09/10 17:12:58 [DAY 8] iter=716 NEW BEST: matchTypes=0 todayTypes=4 stocks=5 (eff=5) steps=0 endDist=3
2026/09/10 17:12:58 [DAY 8] iter=719 NEW BEST: matchTypes=0 todayTypes=4 stocks=5 (eff=5) steps=0 endDist=3
2026/09/10 17:12:58 [DAY 8] iter=720 NEW BEST: matchTypes=0 todayTypes=4 stocks=5 (eff=5) steps=0 endDist=3
2026/09/10 17:12:58 [DAY 8] iter=721 NEW BEST: matchTypes=0 todayTypes=4 stocks=5 (eff=5) steps=0 endDist=3
2026/09/10 17:12:58 [DAY 8] iter=722 NEW BEST: matchTypes=0 todayTypes=4 stocks=5 (eff=5) steps=0 endDist=3
2026/09/10 17:12:58 [DAY 8] iter=726 NEW BEST: matchTypes=0 todayTypes=4 stocks=5 (eff=5) steps=0 endDist=3
2026/09/10 17:12:58 [DAY 8] iter=727 NEW BEST: matchTypes=0 todayTypes=4 stocks=5 (eff=5) steps=0 endDist=3
2026/09/10 17:12:58 [DAY 8] iter=728 NEW BEST: matchTypes=0 todayTypes=4 stocks=5 (eff=5) steps=0 endDist=3
2026/09/10 17:12:58 [DAY 8] iter=729 NEW BEST: matchTypes=0 todayTypes=4 stocks=5 (eff=5) steps=0 endDist=3
2026/09/10 17:12:58 [DAY 8] iter=732 NEW BEST: matchTypes=0 todayTypes=4 stocks=5 (eff=5) steps=0 endDist=3
2026/09/10 17:12:58 [DAY 8] iter=733 NEW BEST: matchTypes=0 todayTypes=4 stocks=5 (eff=5) steps=0 endDist=3
2026/09/10 17:12:58 [DAY 8] iter=735 NEW BEST: matchTypes=0 todayTypes=4 stocks=5 (eff=5) steps=0 endDist=3
2026/09/10 17:12:58 [DAY 8] iter=738 NEW BEST: matchTypes=0 todayTypes=4 stocks=5 (eff=5) steps=0 endDist=3
2026/09/10 17:12:58 [DAY 8] iter=739 NEW BEST: matchTypes=0 todayTypes=4 stocks=5 (eff=5) steps=0 endDist=3
2026/09/10 17:12:58 [DAY 8] iter=740 NEW BEST: matchTypes=0 todayTypes=4 stocks=5 (eff=5) steps=0 endDist=3
2026/09/10 17:12:58 [DAY 8] iter=741 NEW BEST: matchTypes=0 todayTypes=4 stocks=5 (eff=5) steps=0 endDist=3
2026/09/10 17:12:58 [DAY 8] iter=742 NEW BEST: matchTypes=0 todayTypes=4 stocks=5 (eff=5) steps=0 endDist=3
2026/09/10 17:12:58 [DAY 8] iter=746 NEW BEST: matchTypes=0 todayTypes=4 stocks=5 (eff=5) steps=0 endDist=3
2026/09/10 17:12:58 [DAY 8] iter=748 NEW BEST: matchTypes=0 todayTypes=4 stocks=5 (eff=5) steps=0 endDist=3
2026/09/10 17:12:58 [DAY 8] iter=752 NEW BEST: matchTypes=0 todayTypes=4 stocks=5 (eff=5) steps=0 endDist=3
2026/09/10 17:12:58 [DAY 8] iter=756 NEW BEST: matchTypes=0 todayTypes=4 stocks=5 (eff=5) steps=0 endDist=3
2026/09/10 17:12:58 [DAY 8] iter=757 NEW BEST: matchTypes=0 todayTypes=4 stocks=5 (eff=5) steps=0 endDist=3
2026/09/10 17:12:58 [DAY 8] iter=758 NEW BEST: matchTypes=0 todayTypes=4 stocks=5 (eff=5) steps=0 endDist=3
2026/09/10 17:12:58 [DAY 8] iter=759 NEW BEST: matchTypes=0 todayTypes=4 stocks=5 (eff=5) steps=0 endDist=3
2026/09/10 17:12:58 [DAY 8] iter=760 NEW BEST: matchTypes=0 todayTypes=4 stocks=5 (eff=5) steps=0 endDist=3
2026/09/10 17:12:58 [DAY 8] iter=761 NEW BEST: matchTypes=0 todayTypes=4 stocks=5 (eff=5) steps=0 endDist=3
2026/09/10 17:12:58 [DAY 8] iter=763 NEW BEST: matchTypes=0 todayTypes=4 stocks=5 (eff=5) steps=0 endDist=3
2026/09/10 17:12:58 [DAY 8] iter=765 NEW BEST: matchTypes=0 todayTypes=4 stocks=5 (eff=5) steps=0 endDist=3
2026/09/10 17:12:58 [DAY 8] iter=766 NEW BEST: matchTypes=0 todayTypes=4 stocks=5 (eff=5) steps=0 endDist=3
2026/09/10 17:12:58 [DAY 8] iter=767 NEW BEST: matchTypes=0 todayTypes=4 stocks=5 (eff=5) steps=0 endDist=3
2026/09/10 17:12:58 [DAY 8] iter=768 NEW BEST: matchTypes=0 todayTypes=4 stocks=5 (eff=5) steps=0 endDist=3
2026/09/10 17:12:58 [DAY 8] iter=769 NEW BEST: matchTypes=0 todayTypes=4 stocks=5 (eff=5) steps=0 endDist=3
2026/09/10 17:12:58 [DAY 8] iter=770 NEW BEST: matchTypes=0 todayTypes=4 stocks=5 (eff=5) steps=0 endDist=3
2026/09/10 17:12:58 [DAY 8] iter=772 NEW BEST: matchTypes=0 todayTypes=4 stocks=5 (eff=5) steps=0 endDist=3
2026/09/10 17:12:58 [DAY 8] iter=775 NEW BEST: matchTypes=0 todayTypes=4 stocks=5 (eff=5) steps=0 endDist=3
2026/09/10 17:12:58 [DAY 8] iter=776 NEW BEST: matchTypes=0 todayTypes=4 stocks=5 (eff=5) steps=0 endDist=3
2026/09/10 17:12:58 [DAY 8] iter=779 NEW BEST: matchTypes=0 todayTypes=4 stocks=5 (eff=5) steps=0 endDist=3
2026/09/10 17:12:58 [DAY 8] iter=780 NEW BEST: matchTypes=0 todayTypes=4 stocks=5 (eff=5) steps=0 endDist=3
2026/09/10 17:12:58 [DAY 8] iter=783 NEW BEST: matchTypes=0 todayTypes=4 stocks=5 (eff=5) steps=0 endDist=3
2026/09/10 17:12:58 [DAY 8] iter=785 NEW BEST: matchTypes=0 todayTypes=4 stocks=5 (eff=5) steps=0 endDist=3
2026/09/10 17:12:58 [DAY 8] iter=786 NEW BEST: matchTypes=0 todayTypes=4 stocks=5 (eff=5) steps=0 endDist=3
2026/09/10 17:12:58 [DAY 8] iter=789 NEW BEST: matchTypes=0 todayTypes=4 stocks=5 (eff=5) steps=0 endDist=3
2026/09/10 17:12:58 [DAY 8] iter=792 NEW BEST: matchTypes=0 todayTypes=4 stocks=5 (eff=5) steps=0 endDist=3
2026/09/10 17:12:58 [DAY 8] iter=793 NEW BEST: matchTypes=0 todayTypes=4 stocks=5 (eff=5) steps=0 endDist=3
2026/09/10 17:12:58 [DAY 8] iter=795 NEW BEST: matchTypes=0 todayTypes=4 stocks=5 (eff=5) steps=0 endDist=3
2026/09/10 17:12:58 [DAY 8] iter=798 NEW BEST: matchTypes=0 todayTypes=4 stocks=5 (eff=5) steps=0 endDist=3
2026/09/10 17:12:58 [DAY 8] iter=799 NEW BEST: matchTypes=0 todayTypes=4 stocks=5 (eff=5) steps=0 endDist=3
2026/09/10 17:12:58 [DAY 8] iter=800 NEW BEST: matchTypes=0 todayTypes=4 stocks=5 (eff=5) steps=0 endDist=3
2026/09/10 17:12:58 [DAY 8] iter=801 NEW BEST: matchTypes=0 todayTypes=4 stocks=5 (eff=5) steps=0 endDist=3
2026/09/10 17:12:58 [DAY 8] iter=802 NEW BEST: matchTypes=0 todayTypes=4 stocks=5 (eff=5) steps=0 endDist=3
2026/09/10 17:12:58 [DAY 8] iter=805 NEW BEST: matchTypes=0 todayTypes=4 stocks=5 (eff=5) steps=0 endDist=3
2026/09/10 17:12:58 [DAY 8] iter=807 NEW BEST: matchTypes=0 todayTypes=4 stocks=5 (eff=5) steps=0 endDist=3
2026/09/10 17:12:58 [DAY 8] iter=809 NEW BEST: matchTypes=0 todayTypes=4 stocks=5 (eff=5) steps=0 endDist=3
2026/09/10 17:12:58 [DAY 8] iter=811 NEW BEST: matchTypes=0 todayTypes=4 stocks=5 (eff=5) steps=0 endDist=3
2026/09/10 17:12:58 [DAY 8] iter=813 NEW BEST: matchTypes=0 todayTypes=4 stocks=5 (eff=5) steps=0 endDist=3
2026/09/10 17:12:58 [DAY 8] iter=814 NEW BEST: matchTypes=0 todayTypes=4 stocks=5 (eff=5) steps=0 endDist=3
2026/09/10 17:12:58 [DAY 8] iter=815 NEW BEST: matchTypes=0 todayTypes=4 stocks=5 (eff=5) steps=0 endDist=3
2026/09/10 17:12:58 [DAY 8] iter=817 NEW BEST: matchTypes=0 todayTypes=4 stocks=5 (eff=5) steps=0 endDist=3
2026/09/10 17:12:58 [DAY 8] iter=819 NEW BEST: matchTypes=0 todayTypes=4 stocks=5 (eff=5) steps=0 endDist=3
2026/09/10 17:12:58 [DAY 8] iter=821 NEW BEST: matchTypes=0 todayTypes=4 stocks=5 (eff=5) steps=0 endDist=3
2026/09/10 17:12:58 [DAY 8] iter=825 NEW BEST: matchTypes=0 todayTypes=4 stocks=5 (eff=5) steps=0 endDist=3
2026/09/10 17:12:58 [DAY 8] iter=829 NEW BEST: matchTypes=0 todayTypes=4 stocks=5 (eff=5) steps=0 endDist=3
2026/09/10 17:12:58 [DAY 8] iter=830 NEW BEST: matchTypes=0 todayTypes=4 stocks=5 (eff=5) steps=0 endDist=3
2026/09/10 17:12:58 [DAY 8] iter=831 NEW BEST: matchTypes=0 todayTypes=4 stocks=5 (eff=5) steps=0 endDist=3
2026/09/10 17:12:58 [DAY 8] iter=833 NEW BEST: matchTypes=0 todayTypes=4 stocks=5 (eff=5) steps=0 endDist=3
2026/09/10 17:12:58 [DAY 8] iter=834 NEW BEST: matchTypes=0 todayTypes=4 stocks=5 (eff=5) steps=0 endDist=3
2026/09/10 17:12:58 [DAY 8] iter=836 NEW BEST: matchTypes=0 todayTypes=4 stocks=5 (eff=5) steps=0 endDist=3
2026/09/10 17:12:58 [DAY 8] iter=838 NEW BEST: matchTypes=0 todayTypes=4 stocks=5 (eff=5) steps=0 endDist=3
2026/09/10 17:12:58 [DAY 8] iter=843 NEW BEST: matchTypes=0 todayTypes=4 stocks=5 (eff=5) steps=0 endDist=3
2026/09/10 17:12:58 [DAY 8] iter=844 NEW BEST: matchTypes=0 todayTypes=4 stocks=5 (eff=5) steps=0 endDist=3
2026/09/10 17:12:58 [DAY 8] iter=845 NEW BEST: matchTypes=0 todayTypes=4 stocks=5 (eff=5) steps=0 endDist=3
2026/09/10 17:12:58 [DAY 8] iter=846 NEW BEST: matchTypes=0 todayTypes=4 stocks=5 (eff=5) steps=0 endDist=3
2026/09/10 17:12:58 [DAY 8] iter=847 NEW BEST: matchTypes=0 todayTypes=4 stocks=5 (eff=5) steps=0 endDist=3
2026/09/10 17:12:58 [DAY 8] iter=849 NEW BEST: matchTypes=0 todayTypes=4 stocks=5 (eff=5) steps=0 endDist=3
2026/09/10 17:12:58 [DAY 8] iter=850 NEW BEST: matchTypes=0 todayTypes=4 stocks=5 (eff=5) steps=0 endDist=3
2026/09/10 17:12:58 [DAY 8] iter=853 NEW BEST: matchTypes=0 todayTypes=4 stocks=5 (eff=5) steps=0 endDist=3
2026/09/10 17:12:58 [DAY 8] iter=854 NEW BEST: matchTypes=0 todayTypes=4 stocks=5 (eff=5) steps=0 endDist=3
2026/09/10 17:12:58 [DAY 8] iter=855 NEW BEST: matchTypes=0 todayTypes=4 stocks=5 (eff=5) steps=0 endDist=3
2026/09/10 17:12:58 [DAY 8] iter=856 NEW BEST: matchTypes=0 todayTypes=4 stocks=5 (eff=5) steps=0 endDist=3
2026/09/10 17:12:58 [DAY 8] iter=857 NEW BEST: matchTypes=0 todayTypes=4 stocks=5 (eff=5) steps=0 endDist=3
2026/09/10 17:12:58 [DAY 8] iter=860 NEW BEST: matchTypes=0 todayTypes=4 stocks=5 (eff=5) steps=0 endDist=3
2026/09/10 17:12:58 [DAY 8] iter=861 NEW BEST: matchTypes=0 todayTypes=4 stocks=5 (eff=5) steps=0 endDist=3
2026/09/10 17:12:58 [DAY 8] iter=864 NEW BEST: matchTypes=0 todayTypes=4 stocks=5 (eff=5) steps=0 endDist=3
2026/09/10 17:12:58 [DAY 8] iter=865 NEW BEST: matchTypes=0 todayTypes=4 stocks=5 (eff=5) steps=0 endDist=3
2026/09/10 17:12:58 [DAY 8] iter=867 NEW BEST: matchTypes=0 todayTypes=4 stocks=5 (eff=5) steps=0 endDist=3
2026/09/10 17:12:58 [DAY 8] iter=868 NEW BEST: matchTypes=0 todayTypes=4 stocks=5 (eff=5) steps=0 endDist=3
2026/09/10 17:12:58 [DAY 8] iter=869 NEW BEST: matchTypes=0 todayTypes=4 stocks=5 (eff=5) steps=0 endDist=3
2026/09/10 17:12:58 [DAY 8] iter=873 NEW BEST: matchTypes=0 todayTypes=4 stocks=5 (eff=5) steps=0 endDist=3
2026/09/10 17:12:58 [DAY 8] iter=874 NEW BEST: matchTypes=0 todayTypes=4 stocks=5 (eff=5) steps=0 endDist=3
2026/09/10 17:12:58 [DAY 8] iter=876 NEW BEST: matchTypes=0 todayTypes=4 stocks=5 (eff=5) steps=0 endDist=3
2026/09/10 17:12:58 [DAY 8] iter=878 NEW BEST: matchTypes=0 todayTypes=4 stocks=5 (eff=5) steps=0 endDist=3
2026/09/10 17:12:58 [DAY 8] iter=880 NEW BEST: matchTypes=0 todayTypes=4 stocks=5 (eff=5) steps=0 endDist=3
2026/09/10 17:12:58 [DAY 8] iter=882 NEW BEST: matchTypes=0 todayTypes=4 stocks=5 (eff=5) steps=0 endDist=3
2026/09/10 17:12:58 [DAY 8] iter=887 NEW BEST: matchTypes=0 todayTypes=4 stocks=5 (eff=5) steps=0 endDist=3
2026/09/10 17:12:58 [DAY 8] iter=888 NEW BEST: matchTypes=0 todayTypes=4 stocks=5 (eff=5) steps=0 endDist=3
2026/09/10 17:12:58 [DAY 8] iter=889 NEW BEST: matchTypes=0 todayTypes=4 stocks=5 (eff=5) steps=0 endDist=3
2026/09/10 17:12:58 [DAY 8] iter=890 NEW BEST: matchTypes=0 todayTypes=4 stocks=5 (eff=5) steps=0 endDist=3
2026/09/10 17:12:58 [DAY 8] iter=891 NEW BEST: matchTypes=0 todayTypes=4 stocks=5 (eff=5) steps=0 endDist=3
2026/09/10 17:12:58 [DAY 8] iter=894 NEW BEST: matchTypes=0 todayTypes=4 stocks=5 (eff=5) steps=0 endDist=3
2026/09/10 17:12:58 [DAY 8] iter=896 NEW BEST: matchTypes=0 todayTypes=4 stocks=5 (eff=5) steps=0 endDist=3
2026/09/10 17:12:58 [DAY 8] iter=898 NEW BEST: matchTypes=0 todayTypes=4 stocks=5 (eff=5) steps=0 endDist=3
2026/09/10 17:12:58 [DAY 8] iter=899 NEW BEST: matchTypes=0 todayTypes=4 stocks=5 (eff=5) steps=0 endDist=3
2026/09/10 17:12:58 [DAY 8] iter=900 NEW BEST: matchTypes=0 todayTypes=4 stocks=5 (eff=5) steps=0 endDist=3
2026/09/10 17:12:58 [DAY 8] iter=901 NEW BEST: matchTypes=0 todayTypes=4 stocks=5 (eff=5) steps=0 endDist=3
2026/09/10 17:12:58 [DAY 8] iter=903 NEW BEST: matchTypes=0 todayTypes=4 stocks=5 (eff=5) steps=0 endDist=3
2026/09/10 17:12:58 [DAY 8] iter=904 NEW BEST: matchTypes=0 todayTypes=4 stocks=5 (eff=5) steps=0 endDist=3
2026/09/10 17:12:58 [DAY 8] iter=905 NEW BEST: matchTypes=0 todayTypes=4 stocks=5 (eff=5) steps=0 endDist=3
2026/09/10 17:12:58 [DAY 8] iter=906 NEW BEST: matchTypes=0 todayTypes=4 stocks=5 (eff=5) steps=0 endDist=3
2026/09/10 17:12:58 [DAY 8] iter=907 NEW BEST: matchTypes=0 todayTypes=4 stocks=5 (eff=5) steps=0 endDist=3
2026/09/10 17:12:58 [DAY 8] iter=910 NEW BEST: matchTypes=0 todayTypes=4 stocks=5 (eff=5) steps=0 endDist=3
2026/09/10 17:12:58 [DAY 8] iter=911 NEW BEST: matchTypes=0 todayTypes=4 stocks=5 (eff=5) steps=0 endDist=3
2026/09/10 17:12:58 [DAY 8] iter=912 NEW BEST: matchTypes=0 todayTypes=4 stocks=5 (eff=5) steps=0 endDist=3
2026/09/10 17:12:58 [DAY 8] iter=914 NEW BEST: matchTypes=0 todayTypes=4 stocks=5 (eff=5) steps=0 endDist=3
2026/09/10 17:12:58 [DAY 8] iter=916 NEW BEST: matchTypes=0 todayTypes=4 stocks=5 (eff=5) steps=0 endDist=3
2026/09/10 17:12:58 [DAY 8] iter=917 NEW BEST: matchTypes=0 todayTypes=4 stocks=5 (eff=5) steps=0 endDist=3
2026/09/10 17:12:58 [DAY 8] iter=918 NEW BEST: matchTypes=0 todayTypes=4 stocks=5 (eff=5) steps=0 endDist=3
2026/09/10 17:12:58 [DAY 8] iter=919 NEW BEST: matchTypes=0 todayTypes=4 stocks=5 (eff=5) steps=0 endDist=3
2026/09/10 17:12:58 [DAY 8] iter=920 NEW BEST: matchTypes=0 todayTypes=4 stocks=5 (eff=5) steps=0 endDist=3
2026/09/10 17:12:58 [DAY 8] iter=921 NEW BEST: matchTypes=0 todayTypes=4 stocks=5 (eff=5) steps=0 endDist=3
2026/09/10 17:12:58 [DAY 8] iter=922 NEW BEST: matchTypes=0 todayTypes=4 stocks=5 (eff=5) steps=0 endDist=3
2026/09/10 17:12:58 [DAY 8] iter=925 NEW BEST: matchTypes=0 todayTypes=4 stocks=5 (eff=5) steps=0 endDist=3
2026/09/10 17:12:58 [DAY 8] iter=927 NEW BEST: matchTypes=0 todayTypes=4 stocks=5 (eff=5) steps=0 endDist=3
2026/09/10 17:12:58 [DAY 8] iter=928 NEW BEST: matchTypes=0 todayTypes=4 stocks=5 (eff=5) steps=0 endDist=3
2026/09/10 17:12:58 [DAY 8] iter=930 NEW BEST: matchTypes=0 todayTypes=4 stocks=5 (eff=5) steps=0 endDist=3
2026/09/10 17:12:58 [DAY 8] iter=931 NEW BEST: matchTypes=0 todayTypes=4 stocks=5 (eff=5) steps=0 endDist=3
2026/09/10 17:12:58 [DAY 8] iter=932 NEW BEST: matchTypes=0 todayTypes=4 stocks=5 (eff=5) steps=0 endDist=3
2026/09/10 17:12:58 [DAY 8] iter=933 NEW BEST: matchTypes=0 todayTypes=4 stocks=5 (eff=5) steps=0 endDist=3
2026/09/10 17:12:58 [DAY 8] iter=934 NEW BEST: matchTypes=0 todayTypes=4 stocks=5 (eff=5) steps=0 endDist=3
2026/09/10 17:12:58 [DAY 8] iter=935 NEW BEST: matchTypes=0 todayTypes=4 stocks=5 (eff=5) steps=0 endDist=3
2026/09/10 17:12:58 [DAY 8] iter=936 NEW BEST: matchTypes=0 todayTypes=4 stocks=5 (eff=5) steps=0 endDist=3
2026/09/10 17:12:58 [DAY 8] iter=938 NEW BEST: matchTypes=0 todayTypes=4 stocks=5 (eff=5) steps=0 endDist=3
2026/09/10 17:12:58 [DAY 8] iter=939 NEW BEST: matchTypes=0 todayTypes=4 stocks=5 (eff=5) steps=0 endDist=3
2026/09/10 17:12:58 [DAY 8] iter=940 NEW BEST: matchTypes=0 todayTypes=4 stocks=5 (eff=5) steps=0 endDist=3
2026/09/10 17:12:58 [DAY 8] iter=942 NEW BEST: matchTypes=0 todayTypes=4 stocks=5 (eff=5) steps=0 endDist=3
2026/09/10 17:12:58 [DAY 8] iter=943 NEW BEST: matchTypes=0 todayTypes=4 stocks=5 (eff=5) steps=0 endDist=3
2026/09/10 17:12:58 [DAY 8] iter=944 NEW BEST: matchTypes=0 todayTypes=4 stocks=5 (eff=5) steps=0 endDist=3
2026/09/10 17:12:58 [DAY 8] iter=948 NEW BEST: matchTypes=0 todayTypes=4 stocks=5 (eff=5) steps=0 endDist=3
2026/09/10 17:12:58 [DAY 8] iter=949 NEW BEST: matchTypes=0 todayTypes=4 stocks=5 (eff=5) steps=0 endDist=3
2026/09/10 17:12:58 [DAY 8] iter=951 NEW BEST: matchTypes=0 todayTypes=4 stocks=5 (eff=5) steps=0 endDist=3
2026/09/10 17:12:58 [DAY 8] iter=953 NEW BEST: matchTypes=0 todayTypes=4 stocks=5 (eff=5) steps=0 endDist=3
2026/09/10 17:12:58 [DAY 8] iter=954 NEW BEST: matchTypes=0 todayTypes=4 stocks=5 (eff=5) steps=0 endDist=3
2026/09/10 17:12:58 [DAY 8] iter=956 NEW BEST: matchTypes=0 todayTypes=4 stocks=5 (eff=5) steps=0 endDist=3
2026/09/10 17:12:58 [DAY 8] iter=957 NEW BEST: matchTypes=0 todayTypes=4 stocks=5 (eff=5) steps=0 endDist=3
2026/09/10 17:12:58 [DAY 8] iter=958 NEW BEST: matchTypes=0 todayTypes=4 stocks=5 (eff=5) steps=0 endDist=3
2026/09/10 17:12:58 [DAY 8] iter=959 NEW BEST: matchTypes=0 todayTypes=4 stocks=5 (eff=5) steps=0 endDist=3
2026/09/10 17:12:58 [DAY 8] iter=960 NEW BEST: matchTypes=0 todayTypes=4 stocks=5 (eff=5) steps=0 endDist=3
2026/09/10 17:12:58 [DAY 8] iter=961 NEW BEST: matchTypes=0 todayTypes=4 stocks=5 (eff=5) steps=0 endDist=3
2026/09/10 17:12:58 [DAY 8] iter=962 NEW BEST: matchTypes=0 todayTypes=4 stocks=5 (eff=5) steps=0 endDist=3
2026/09/10 17:12:58 [DAY 8] iter=965 NEW BEST: matchTypes=0 todayTypes=4 stocks=5 (eff=5) steps=0 endDist=3
2026/09/10 17:12:58 [DAY 8] iter=966 NEW BEST: matchTypes=0 todayTypes=4 stocks=5 (eff=5) steps=0 endDist=3
2026/09/10 17:12:58 [DAY 8] iter=967 NEW BEST: matchTypes=0 todayTypes=4 stocks=5 (eff=5) steps=0 endDist=3
2026/09/10 17:12:58 [DAY 8] iter=968 NEW BEST: matchTypes=0 todayTypes=4 stocks=5 (eff=5) steps=0 endDist=3
2026/09/10 17:12:58 [DAY 8] iter=969 NEW BEST: matchTypes=0 todayTypes=4 stocks=5 (eff=5) steps=0 endDist=3
2026/09/10 17:12:58 [DAY 8] iter=970 NEW BEST: matchTypes=0 todayTypes=4 stocks=5 (eff=5) steps=0 endDist=3
2026/09/10 17:12:58 [DAY 8] iter=971 NEW BEST: matchTypes=0 todayTypes=4 stocks=5 (eff=5) steps=0 endDist=3
2026/09/10 17:12:58 [DAY 8] iter=973 NEW BEST: matchTypes=0 todayTypes=4 stocks=5 (eff=5) steps=0 endDist=3
2026/09/10 17:12:58 [DAY 8] iter=975 NEW BEST: matchTypes=0 todayTypes=4 stocks=5 (eff=5) steps=0 endDist=3
2026/09/10 17:12:58 [DAY 8] iter=978 NEW BEST: matchTypes=0 todayTypes=4 stocks=5 (eff=5) steps=0 endDist=3
2026/09/10 17:12:58 [DAY 8] iter=979 NEW BEST: matchTypes=0 todayTypes=4 stocks=5 (eff=5) steps=0 endDist=3
2026/09/10 17:12:58 [DAY 8] iter=981 NEW BEST: matchTypes=0 todayTypes=4 stocks=5 (eff=5) steps=0 endDist=3
2026/09/10 17:12:58 [DAY 8] iter=983 NEW BEST: matchTypes=0 todayTypes=4 stocks=5 (eff=5) steps=0 endDist=3
2026/09/10 17:12:58 [DAY 8] iter=984 NEW BEST: matchTypes=0 todayTypes=4 stocks=5 (eff=5) steps=0 endDist=3
2026/09/10 17:12:58 [DAY 8] iter=986 NEW BEST: matchTypes=0 todayTypes=4 stocks=5 (eff=5) steps=0 endDist=3
2026/09/10 17:12:58 [DAY 8] iter=987 NEW BEST: matchTypes=0 todayTypes=4 stocks=5 (eff=5) steps=0 endDist=3
2026/09/10 17:12:58 [DAY 8] iter=988 NEW BEST: matchTypes=0 todayTypes=4 stocks=5 (eff=5) steps=0 endDist=3
2026/09/10 17:12:58 [DAY 8] iter=991 NEW BEST: matchTypes=0 todayTypes=4 stocks=5 (eff=5) steps=0 endDist=3
2026/09/10 17:12:58 [DAY 8] iter=992 NEW BEST: matchTypes=0 todayTypes=4 stocks=5 (eff=5) steps=0 endDist=3
2026/09/10 17:12:58 [DAY 8] iter=994 NEW BEST: matchTypes=0 todayTypes=4 stocks=5 (eff=5) steps=0 endDist=3
2026/09/10 17:12:58 [DAY 8] iter=999 NEW BEST: matchTypes=0 todayTypes=4 stocks=5 (eff=5) steps=0 endDist=3
2026/09/10 17:12:58 [DAY 8] iter=1001 NEW BEST: matchTypes=0 todayTypes=4 stocks=5 (eff=5) steps=0 endDist=3
2026/09/10 17:12:58 [DAY 8] iter=1006 NEW BEST: matchTypes=0 todayTypes=4 stocks=5 (eff=5) steps=0 endDist=3
2026/09/10 17:12:58 [DAY 8] iter=1007 NEW BEST: matchTypes=0 todayTypes=4 stocks=5 (eff=5) steps=0 endDist=3
2026/09/10 17:12:58 [DAY 8] iter=1009 NEW BEST: matchTypes=0 todayTypes=4 stocks=5 (eff=5) steps=0 endDist=3
2026/09/10 17:12:58 [DAY 8] iter=1010 NEW BEST: matchTypes=0 todayTypes=4 stocks=5 (eff=5) steps=0 endDist=3
2026/09/10 17:12:58 [DAY 8] iter=1011 NEW BEST: matchTypes=0 todayTypes=4 stocks=5 (eff=5) steps=0 endDist=3
2026/09/10 17:12:58 [DAY 8] iter=1012 NEW BEST: matchTypes=0 todayTypes=4 stocks=5 (eff=5) steps=0 endDist=3
2026/09/10 17:12:58 [DAY 8] iter=1014 NEW BEST: matchTypes=0 todayTypes=4 stocks=5 (eff=5) steps=0 endDist=3
2026/09/10 17:12:58 [DAY 8] iter=1015 NEW BEST: matchTypes=0 todayTypes=4 stocks=5 (eff=5) steps=0 endDist=3
2026/09/10 17:12:58 [DAY 8] iter=1016 NEW BEST: matchTypes=0 todayTypes=4 stocks=5 (eff=5) steps=0 endDist=3
2026/09/10 17:12:58 [DAY 8] iter=1017 NEW BEST: matchTypes=0 todayTypes=4 stocks=5 (eff=5) steps=0 endDist=3
2026/09/10 17:12:58 [DAY 8] iter=1018 NEW BEST: matchTypes=0 todayTypes=4 stocks=5 (eff=5) steps=0 endDist=3
2026/09/10 17:12:58 [DAY 8] iter=1019 NEW BEST: matchTypes=0 todayTypes=4 stocks=5 (eff=5) steps=0 endDist=3
2026/09/10 17:12:58 [DAY 8] iter=1020 NEW BEST: matchTypes=0 todayTypes=4 stocks=5 (eff=5) steps=0 endDist=3
2026/09/10 17:12:58 [DAY 8] iter=1023 NEW BEST: matchTypes=0 todayTypes=4 stocks=5 (eff=5) steps=0 endDist=3
2026/09/10 17:12:58 [DAY 8] iter=1024 NEW BEST: matchTypes=0 todayTypes=4 stocks=5 (eff=5) steps=0 endDist=3
2026/09/10 17:12:58 [DAY 8] iter=1026 NEW BEST: matchTypes=0 todayTypes=4 stocks=5 (eff=5) steps=0 endDist=3
2026/09/10 17:12:58 [DAY 8] iter=1030 NEW BEST: matchTypes=0 todayTypes=4 stocks=5 (eff=5) steps=0 endDist=3
2026/09/10 17:12:58 [DAY 8] iter=1031 NEW BEST: matchTypes=0 todayTypes=4 stocks=5 (eff=5) steps=0 endDist=3
2026/09/10 17:12:58 [DAY 8] iter=1033 NEW BEST: matchTypes=0 todayTypes=4 stocks=5 (eff=5) steps=0 endDist=3
2026/09/10 17:12:58 [DAY 8] iter=1034 NEW BEST: matchTypes=0 todayTypes=4 stocks=5 (eff=5) steps=0 endDist=3
2026/09/10 17:12:58 [DAY 8] iter=1038 NEW BEST: matchTypes=0 todayTypes=4 stocks=5 (eff=5) steps=0 endDist=3
2026/09/10 17:12:58 [DAY 8] iter=1039 NEW BEST: matchTypes=0 todayTypes=4 stocks=5 (eff=5) steps=0 endDist=3
2026/09/10 17:12:58 [DAY 8] iter=1042 NEW BEST: matchTypes=0 todayTypes=4 stocks=5 (eff=5) steps=0 endDist=3
2026/09/10 17:12:58 [DAY 8] iter=1045 NEW BEST: matchTypes=0 todayTypes=4 stocks=5 (eff=5) steps=0 endDist=3
2026/09/10 17:12:58 [DAY 8] iter=1047 NEW BEST: matchTypes=0 todayTypes=4 stocks=5 (eff=5) steps=0 endDist=3
2026/09/10 17:12:58 [DAY 8] iter=1048 NEW BEST: matchTypes=0 todayTypes=4 stocks=5 (eff=5) steps=0 endDist=3
2026/09/10 17:12:58 [DAY 8] iter=1049 NEW BEST: matchTypes=0 todayTypes=4 stocks=5 (eff=5) steps=0 endDist=3
2026/09/10 17:12:58 [DAY 8] iter=1051 NEW BEST: matchTypes=0 todayTypes=4 stocks=5 (eff=5) steps=0 endDist=3
2026/09/10 17:12:58 [DAY 8] iter=1052 NEW BEST: matchTypes=0 todayTypes=4 stocks=5 (eff=5) steps=0 endDist=3
2026/09/10 17:12:58 [DAY 8] iter=1054 NEW BEST: matchTypes=0 todayTypes=4 stocks=5 (eff=5) steps=0 endDist=3
2026/09/10 17:12:58 [DAY 8] iter=1055 NEW BEST: matchTypes=0 todayTypes=4 stocks=5 (eff=5) steps=0 endDist=3
2026/09/10 17:12:58 [DAY 8] iter=1058 NEW BEST: matchTypes=0 todayTypes=4 stocks=5 (eff=5) steps=0 endDist=3
2026/09/10 17:12:58 [DAY 8] iter=1059 NEW BEST: matchTypes=0 todayTypes=4 stocks=5 (eff=5) steps=0 endDist=3
2026/09/10 17:12:58 [DAY 8] iter=1061 NEW BEST: matchTypes=0 todayTypes=4 stocks=5 (eff=5) steps=0 endDist=3
2026/09/10 17:12:58 [DAY 8] iter=1062 NEW BEST: matchTypes=0 todayTypes=4 stocks=5 (eff=5) steps=0 endDist=3
2026/09/10 17:12:58 [DAY 8] iter=1066 NEW BEST: matchTypes=0 todayTypes=4 stocks=5 (eff=5) steps=0 endDist=3
2026/09/10 17:12:58 [DAY 8] iter=1067 NEW BEST: matchTypes=0 todayTypes=4 stocks=5 (eff=5) steps=0 endDist=3
2026/09/10 17:12:58 [DAY 8] iter=1068 NEW BEST: matchTypes=0 todayTypes=4 stocks=5 (eff=5) steps=0 endDist=3
2026/09/10 17:12:58 [DAY 8] iter=1069 NEW BEST: matchTypes=0 todayTypes=4 stocks=5 (eff=5) steps=0 endDist=3
2026/09/10 17:12:58 [DAY 8] iter=1070 NEW BEST: matchTypes=0 todayTypes=4 stocks=5 (eff=5) steps=0 endDist=3
2026/09/10 17:12:58 [DAY 8] iter=1071 NEW BEST: matchTypes=0 todayTypes=4 stocks=5 (eff=5) steps=0 endDist=3
2026/09/10 17:12:58 [DAY 8] iter=1075 NEW BEST: matchTypes=0 todayTypes=4 stocks=5 (eff=5) steps=0 endDist=3
2026/09/10 17:12:58 [DAY 8] iter=1076 NEW BEST: matchTypes=0 todayTypes=4 stocks=5 (eff=5) steps=0 endDist=3
2026/09/10 17:12:58 [DAY 8] iter=1078 NEW BEST: matchTypes=0 todayTypes=4 stocks=5 (eff=5) steps=0 endDist=3
2026/09/10 17:12:58 [DAY 8] iter=1079 NEW BEST: matchTypes=0 todayTypes=4 stocks=5 (eff=5) steps=0 endDist=3
2026/09/10 17:12:58 [DAY 8] iter=1080 NEW BEST: matchTypes=0 todayTypes=4 stocks=5 (eff=5) steps=0 endDist=3
2026/09/10 17:12:58 [DAY 8] iter=1081 NEW BEST: matchTypes=0 todayTypes=4 stocks=5 (eff=5) steps=0 endDist=3
2026/09/10 17:12:58 [DAY 8] iter=1083 NEW BEST: matchTypes=0 todayTypes=4 stocks=5 (eff=5) steps=0 endDist=3
2026/09/10 17:12:58 [DAY 8] iter=1089 NEW BEST: matchTypes=0 todayTypes=4 stocks=5 (eff=5) steps=0 endDist=3
2026/09/10 17:12:58 [DAY 8] iter=1090 NEW BEST: matchTypes=0 todayTypes=4 stocks=5 (eff=5) steps=0 endDist=3
2026/09/10 17:12:58 [DAY 8] iter=1092 NEW BEST: matchTypes=0 todayTypes=4 stocks=5 (eff=5) steps=0 endDist=3
2026/09/10 17:12:58 [DAY 8] iter=1093 NEW BEST: matchTypes=0 todayTypes=4 stocks=5 (eff=5) steps=0 endDist=3
2026/09/10 17:12:58 [DAY 8] iter=1094 NEW BEST: matchTypes=0 todayTypes=4 stocks=5 (eff=5) steps=0 endDist=3
2026/09/10 17:12:58 [DAY 8] iter=1095 NEW BEST: matchTypes=0 todayTypes=4 stocks=5 (eff=5) steps=0 endDist=3
2026/09/10 17:12:58 [DAY 8] iter=1096 NEW BEST: matchTypes=0 todayTypes=4 stocks=5 (eff=5) steps=0 endDist=3
2026/09/10 17:12:58 [DAY 8] iter=1098 NEW BEST: matchTypes=0 todayTypes=4 stocks=5 (eff=5) steps=0 endDist=3
2026/09/10 17:12:58 [DAY 8] iter=1099 NEW BEST: matchTypes=0 todayTypes=4 stocks=5 (eff=5) steps=0 endDist=3
2026/09/10 17:12:58 [DAY 8] iter=1101 NEW BEST: matchTypes=0 todayTypes=4 stocks=5 (eff=5) steps=0 endDist=3
2026/09/10 17:12:58 [DAY 8] iter=1102 NEW BEST: matchTypes=0 todayTypes=4 stocks=5 (eff=5) steps=0 endDist=3
2026/09/10 17:12:58 [DAY 8] iter=1103 NEW BEST: matchTypes=0 todayTypes=4 stocks=5 (eff=5) steps=0 endDist=3
2026/09/10 17:12:58 [DAY 8] iter=1104 NEW BEST: matchTypes=0 todayTypes=4 stocks=5 (eff=5) steps=0 endDist=3
2026/09/10 17:12:58 [DAY 8] iter=1105 NEW BEST: matchTypes=0 todayTypes=4 stocks=5 (eff=5) steps=0 endDist=3
2026/09/10 17:12:58 [DAY 8] iter=1106 NEW BEST: matchTypes=0 todayTypes=4 stocks=5 (eff=5) steps=0 endDist=3
2026/09/10 17:12:58 [DAY 8] iter=1107 NEW BEST: matchTypes=0 todayTypes=4 stocks=5 (eff=5) steps=0 endDist=3
2026/09/10 17:12:58 [DAY 8] iter=1108 NEW BEST: matchTypes=0 todayTypes=4 stocks=5 (eff=5) steps=0 endDist=3
2026/09/10 17:12:58 [DAY 8] iter=1111 NEW BEST: matchTypes=0 todayTypes=4 stocks=5 (eff=5) steps=0 endDist=3
2026/09/10 17:12:58 [DAY 8] iter=1112 NEW BEST: matchTypes=0 todayTypes=4 stocks=5 (eff=5) steps=0 endDist=3
2026/09/10 17:12:58 [DAY 8] iter=1113 NEW BEST: matchTypes=0 todayTypes=4 stocks=5 (eff=5) steps=0 endDist=3
2026/09/10 17:12:58 [DAY 8] iter=1115 NEW BEST: matchTypes=0 todayTypes=4 stocks=5 (eff=5) steps=0 endDist=3
2026/09/10 17:12:58 [DAY 8] iter=1120 NEW BEST: matchTypes=0 todayTypes=4 stocks=5 (eff=5) steps=0 endDist=3
2026/09/10 17:12:58 [DAY 8] iter=1121 NEW BEST: matchTypes=0 todayTypes=4 stocks=5 (eff=5) steps=0 endDist=3
2026/09/10 17:12:58 [DAY 8] iter=1123 NEW BEST: matchTypes=0 todayTypes=4 stocks=5 (eff=5) steps=0 endDist=3
2026/09/10 17:12:58 [DAY 8] iter=1125 NEW BEST: matchTypes=0 todayTypes=4 stocks=5 (eff=5) steps=0 endDist=3
2026/09/10 17:12:58 [DAY 8] iter=1127 NEW BEST: matchTypes=0 todayTypes=4 stocks=5 (eff=5) steps=0 endDist=3
2026/09/10 17:12:58 [DAY 8] iter=1128 NEW BEST: matchTypes=0 todayTypes=4 stocks=5 (eff=5) steps=0 endDist=3
2026/09/10 17:12:58 [DAY 8] iter=1129 NEW BEST: matchTypes=0 todayTypes=4 stocks=5 (eff=5) steps=0 endDist=3
2026/09/10 17:12:58 [DAY 8] iter=1130 NEW BEST: matchTypes=0 todayTypes=4 stocks=5 (eff=5) steps=0 endDist=3
2026/09/10 17:12:58 [DAY 8] iter=1131 NEW BEST: matchTypes=0 todayTypes=4 stocks=5 (eff=5) steps=0 endDist=3
2026/09/10 17:12:58 [DAY 8] iter=1132 NEW BEST: matchTypes=0 todayTypes=4 stocks=5 (eff=5) steps=0 endDist=3
2026/09/10 17:12:58 [DAY 8] iter=1133 NEW BEST: matchTypes=0 todayTypes=4 stocks=5 (eff=5) steps=0 endDist=3
2026/09/10 17:12:58 [DAY 8] iter=1136 NEW BEST: matchTypes=0 todayTypes=4 stocks=5 (eff=5) steps=0 endDist=3
2026/09/10 17:12:58 [DAY 8] iter=1140 NEW BEST: matchTypes=0 todayTypes=4 stocks=5 (eff=5) steps=0 endDist=3
2026/09/10 17:12:58 [DAY 8] iter=1141 NEW BEST: matchTypes=0 todayTypes=4 stocks=5 (eff=5) steps=0 endDist=3
2026/09/10 17:12:58 [DAY 8] iter=1143 NEW BEST: matchTypes=0 todayTypes=4 stocks=5 (eff=5) steps=0 endDist=3
2026/09/10 17:12:58 [DAY 8] iter=1144 NEW BEST: matchTypes=0 todayTypes=4 stocks=5 (eff=5) steps=0 endDist=3
2026/09/10 17:12:58 [DAY 8] iter=1147 NEW BEST: matchTypes=0 todayTypes=4 stocks=5 (eff=5) steps=0 endDist=3
2026/09/10 17:12:58 [DAY 8] iter=1149 NEW BEST: matchTypes=0 todayTypes=4 stocks=5 (eff=5) steps=0 endDist=3
2026/09/10 17:12:58 [DAY 8] iter=1150 NEW BEST: matchTypes=0 todayTypes=4 stocks=5 (eff=5) steps=0 endDist=3
2026/09/10 17:12:58 [DAY 8] iter=1151 NEW BEST: matchTypes=0 todayTypes=4 stocks=5 (eff=5) steps=0 endDist=3
2026/09/10 17:12:58 [DAY 8] iter=1152 NEW BEST: matchTypes=0 todayTypes=4 stocks=5 (eff=5) steps=0 endDist=3
2026/09/10 17:12:58 [DAY 8] iter=1153 NEW BEST: matchTypes=0 todayTypes=4 stocks=5 (eff=5) steps=0 endDist=3
2026/09/10 17:12:58 [DAY 8] iter=1154 NEW BEST: matchTypes=0 todayTypes=4 stocks=5 (eff=5) steps=0 endDist=3
2026/09/10 17:12:58 [DAY 8] iter=1155 NEW BEST: matchTypes=0 todayTypes=4 stocks=5 (eff=5) steps=0 endDist=3
2026/09/10 17:12:58 [DAY 8] iter=1160 NEW BEST: matchTypes=0 todayTypes=4 stocks=5 (eff=5) steps=0 endDist=3
2026/09/10 17:12:58 [DAY 8] iter=1161 NEW BEST: matchTypes=0 todayTypes=4 stocks=5 (eff=5) steps=0 endDist=3
2026/09/10 17:12:58 [DAY 8] iter=1162 NEW BEST: matchTypes=0 todayTypes=4 stocks=5 (eff=5) steps=0 endDist=3
2026/09/10 17:12:58 [DAY 8] iter=1163 NEW BEST: matchTypes=0 todayTypes=4 stocks=5 (eff=5) steps=0 endDist=3
2026/09/10 17:12:58 [DAY 8] iter=1164 NEW BEST: matchTypes=0 todayTypes=4 stocks=5 (eff=5) steps=0 endDist=3
2026/09/10 17:12:58 [DAY 8] iter=1165 NEW BEST: matchTypes=0 todayTypes=4 stocks=5 (eff=5) steps=0 endDist=3
2026/09/10 17:12:58 [DAY 8] iter=1167 NEW BEST: matchTypes=0 todayTypes=4 stocks=5 (eff=5) steps=0 endDist=3
2026/09/10 17:12:58 [DAY 8] iter=1168 NEW BEST: matchTypes=0 todayTypes=4 stocks=5 (eff=5) steps=0 endDist=3
2026/09/10 17:12:58 [DAY 8] iter=1169 NEW BEST: matchTypes=0 todayTypes=4 stocks=5 (eff=5) steps=0 endDist=3
2026/09/10 17:12:58 [DAY 8] iter=1170 NEW BEST: matchTypes=0 todayTypes=4 stocks=5 (eff=5) steps=0 endDist=3
2026/09/10 17:12:58 [DAY 8] iter=1171 NEW BEST: matchTypes=0 todayTypes=4 stocks=5 (eff=5) steps=0 endDist=3
2026/09/10 17:12:58 [DAY 8] iter=1172 NEW BEST: matchTypes=0 todayTypes=4 stocks=5 (eff=5) steps=0 endDist=3
2026/09/10 17:12:58 [DAY 8] iter=1173 NEW BEST: matchTypes=0 todayTypes=4 stocks=5 (eff=5) steps=0 endDist=3
2026/09/10 17:12:58 [DAY 8] iter=1174 NEW BEST: matchTypes=0 todayTypes=4 stocks=5 (eff=5) steps=0 endDist=3
2026/09/10 17:12:58 [DAY 8] iter=1179 NEW BEST: matchTypes=0 todayTypes=4 stocks=5 (eff=5) steps=0 endDist=3
2026/09/10 17:12:58 [DAY 8] iter=1181 NEW BEST: matchTypes=0 todayTypes=4 stocks=5 (eff=5) steps=0 endDist=3
2026/09/10 17:12:58 [DAY 8] iter=1182 NEW BEST: matchTypes=0 todayTypes=4 stocks=5 (eff=5) steps=0 endDist=3
2026/09/10 17:12:58 [DAY 8] iter=1186 NEW BEST: matchTypes=0 todayTypes=4 stocks=5 (eff=5) steps=0 endDist=3
2026/09/10 17:12:58 [DAY 8] iter=1188 NEW BEST: matchTypes=0 todayTypes=4 stocks=5 (eff=5) steps=0 endDist=3
2026/09/10 17:12:58 [DAY 8] iter=1190 NEW BEST: matchTypes=0 todayTypes=4 stocks=5 (eff=5) steps=0 endDist=3
2026/09/10 17:12:58 [DAY 8] iter=1191 NEW BEST: matchTypes=0 todayTypes=4 stocks=5 (eff=5) steps=0 endDist=3
2026/09/10 17:12:58 [DAY 8] iter=1192 NEW BEST: matchTypes=0 todayTypes=4 stocks=5 (eff=5) steps=0 endDist=3
2026/09/10 17:12:58 [DAY 8] iter=1193 NEW BEST: matchTypes=0 todayTypes=4 stocks=5 (eff=5) steps=0 endDist=3
2026/09/10 17:12:58 [DAY 8] iter=1194 NEW BEST: matchTypes=0 todayTypes=4 stocks=5 (eff=5) steps=0 endDist=3
2026/09/10 17:12:58 [DAY 8] iter=1195 NEW BEST: matchTypes=0 todayTypes=4 stocks=5 (eff=5) steps=0 endDist=3
2026/09/10 17:12:58 [DAY 8] iter=1198 NEW BEST: matchTypes=0 todayTypes=4 stocks=5 (eff=5) steps=0 endDist=3
2026/09/10 17:12:58 [DAY 8] iter=1199 NEW BEST: matchTypes=0 todayTypes=4 stocks=5 (eff=5) steps=0 endDist=3
2026/09/10 17:12:58 [DAY 8] iter=1200 NEW BEST: matchTypes=0 todayTypes=4 stocks=5 (eff=5) steps=0 endDist=3
2026/09/10 17:12:58 [DAY 8] iter=1203 NEW BEST: matchTypes=0 todayTypes=4 stocks=5 (eff=5) steps=0 endDist=3
2026/09/10 17:12:58 [DAY 8] iter=1205 NEW BEST: matchTypes=0 todayTypes=4 stocks=5 (eff=5) steps=0 endDist=3
2026/09/10 17:12:58 [DAY 8] iter=1206 NEW BEST: matchTypes=0 todayTypes=4 stocks=5 (eff=5) steps=0 endDist=3
2026/09/10 17:12:58 [DAY 8] iter=1207 NEW BEST: matchTypes=0 todayTypes=4 stocks=5 (eff=5) steps=0 endDist=3
2026/09/10 17:12:58 [DAY 8] iter=1208 NEW BEST: matchTypes=0 todayTypes=4 stocks=5 (eff=5) steps=0 endDist=3
2026/09/10 17:12:58 [DAY 8] iter=1209 NEW BEST: matchTypes=0 todayTypes=4 stocks=5 (eff=5) steps=0 endDist=3
2026/09/10 17:12:58 [DAY 8] iter=1210 NEW BEST: matchTypes=0 todayTypes=4 stocks=5 (eff=5) steps=0 endDist=3
2026/09/10 17:12:58 [DAY 8] iter=1211 NEW BEST: matchTypes=0 todayTypes=4 stocks=5 (eff=5) steps=0 endDist=3
2026/09/10 17:12:58 [DAY 8] iter=1212 NEW BEST: matchTypes=0 todayTypes=4 stocks=5 (eff=5) steps=0 endDist=3
2026/09/10 17:12:58 [DAY 8] iter=1214 NEW BEST: matchTypes=0 todayTypes=4 stocks=5 (eff=5) steps=0 endDist=3
2026/09/10 17:12:58 [DAY 8] iter=1216 NEW BEST: matchTypes=0 todayTypes=4 stocks=5 (eff=5) steps=0 endDist=3
2026/09/10 17:12:58 [DAY 8] iter=1217 NEW BEST: matchTypes=0 todayTypes=4 stocks=5 (eff=5) steps=0 endDist=3
2026/09/10 17:12:58 [DAY 8] iter=1218 NEW BEST: matchTypes=0 todayTypes=4 stocks=5 (eff=5) steps=0 endDist=3
2026/09/10 17:12:58 [DAY 8] iter=1221 NEW BEST: matchTypes=0 todayTypes=4 stocks=5 (eff=5) steps=0 endDist=3
2026/09/10 17:12:58 [DAY 8] iter=1222 NEW BEST: matchTypes=0 todayTypes=4 stocks=5 (eff=5) steps=0 endDist=3
2026/09/10 17:12:58 [DAY 8] iter=1223 NEW BEST: matchTypes=0 todayTypes=4 stocks=5 (eff=5) steps=0 endDist=3
2026/09/10 17:12:58 [DAY 8] iter=1224 NEW BEST: matchTypes=0 todayTypes=4 stocks=5 (eff=5) steps=0 endDist=3
2026/09/10 17:12:58 [DAY 8] iter=1226 NEW BEST: matchTypes=0 todayTypes=4 stocks=5 (eff=5) steps=0 endDist=3
2026/09/10 17:12:58 [DAY 8] iter=1227 NEW BEST: matchTypes=0 todayTypes=4 stocks=5 (eff=5) steps=0 endDist=3
2026/09/10 17:12:58 [DAY 8] iter=1228 NEW BEST: matchTypes=0 todayTypes=4 stocks=5 (eff=5) steps=0 endDist=3
2026/09/10 17:12:58 [DAY 8] iter=1229 NEW BEST: matchTypes=0 todayTypes=4 stocks=5 (eff=5) steps=0 endDist=3
2026/09/10 17:12:58 [DAY 8] iter=1230 NEW BEST: matchTypes=0 todayTypes=4 stocks=5 (eff=5) steps=0 endDist=3
2026/09/10 17:12:58 [DAY 8] iter=1231 NEW BEST: matchTypes=0 todayTypes=4 stocks=5 (eff=5) steps=0 endDist=3
2026/09/10 17:12:58 [DAY 8] iter=1232 NEW BEST: matchTypes=0 todayTypes=4 stocks=5 (eff=5) steps=0 endDist=3
2026/09/10 17:12:58 [DAY 8] iter=1234 NEW BEST: matchTypes=0 todayTypes=4 stocks=5 (eff=5) steps=0 endDist=3
2026/09/10 17:12:58 [DAY 8] iter=1236 NEW BEST: matchTypes=0 todayTypes=4 stocks=5 (eff=5) steps=0 endDist=3
2026/09/10 17:12:58 [DAY 8] iter=1237 NEW BEST: matchTypes=0 todayTypes=4 stocks=5 (eff=5) steps=0 endDist=3
2026/09/10 17:12:58 [DAY 8] iter=1238 NEW BEST: matchTypes=0 todayTypes=4 stocks=5 (eff=5) steps=0 endDist=3
2026/09/10 17:12:58 [DAY 8] iter=1242 NEW BEST: matchTypes=0 todayTypes=4 stocks=5 (eff=5) steps=0 endDist=3
2026/09/10 17:12:58 [DAY 8] iter=1243 NEW BEST: matchTypes=0 todayTypes=4 stocks=5 (eff=5) steps=0 endDist=3
2026/09/10 17:12:58 [DAY 8] iter=1244 NEW BEST: matchTypes=0 todayTypes=4 stocks=5 (eff=5) steps=0 endDist=3
2026/09/10 17:12:58 [DAY 8] iter=1245 NEW BEST: matchTypes=0 todayTypes=4 stocks=5 (eff=5) steps=0 endDist=3
2026/09/10 17:12:58 [DAY 8] iter=1247 NEW BEST: matchTypes=0 todayTypes=4 stocks=5 (eff=5) steps=0 endDist=3
2026/09/10 17:12:58 [DAY 8] iter=1249 NEW BEST: matchTypes=0 todayTypes=4 stocks=5 (eff=5) steps=0 endDist=3
2026/09/10 17:12:58 [DAY 8] iter=1251 NEW BEST: matchTypes=0 todayTypes=4 stocks=5 (eff=5) steps=0 endDist=3
2026/09/10 17:12:58 [DAY 8] iter=1252 NEW BEST: matchTypes=0 todayTypes=4 stocks=5 (eff=5) steps=0 endDist=3
2026/09/10 17:12:58 [DAY 8] iter=1253 NEW BEST: matchTypes=0 todayTypes=4 stocks=5 (eff=5) steps=0 endDist=3
2026/09/10 17:12:58 [DAY 8] iter=1257 NEW BEST: matchTypes=0 todayTypes=4 stocks=5 (eff=5) steps=0 endDist=3
2026/09/10 17:12:58 [DAY 8] iter=1258 NEW BEST: matchTypes=0 todayTypes=4 stocks=5 (eff=5) steps=0 endDist=3
2026/09/10 17:12:58 [DAY 8] iter=1259 NEW BEST: matchTypes=0 todayTypes=4 stocks=5 (eff=5) steps=0 endDist=3
2026/09/10 17:12:58 [DAY 8] iter=1260 NEW BEST: matchTypes=0 todayTypes=4 stocks=5 (eff=5) steps=0 endDist=3
2026/09/10 17:12:58 [DAY 8] iter=1261 NEW BEST: matchTypes=0 todayTypes=4 stocks=5 (eff=5) steps=0 endDist=3
2026/09/10 17:12:58 [DAY 8] iter=1262 NEW BEST: matchTypes=0 todayTypes=4 stocks=5 (eff=5) steps=0 endDist=3
2026/09/10 17:12:58 [DAY 8] iter=1265 NEW BEST: matchTypes=0 todayTypes=4 stocks=5 (eff=5) steps=0 endDist=3
2026/09/10 17:12:58 [DAY 8] iter=1268 NEW BEST: matchTypes=0 todayTypes=4 stocks=5 (eff=5) steps=0 endDist=3
2026/09/10 17:12:58 [DAY 8] iter=1270 NEW BEST: matchTypes=0 todayTypes=4 stocks=5 (eff=5) steps=0 endDist=3
2026/09/10 17:12:58 [DAY 8] iter=1273 NEW BEST: matchTypes=0 todayTypes=4 stocks=5 (eff=5) steps=0 endDist=3
2026/09/10 17:12:58 [DAY 8] iter=1275 NEW BEST: matchTypes=0 todayTypes=4 stocks=5 (eff=5) steps=0 endDist=3
2026/09/10 17:12:58 [DAY 8] iter=1277 NEW BEST: matchTypes=0 todayTypes=4 stocks=5 (eff=5) steps=0 endDist=3
2026/09/10 17:12:58 [DAY 8] iter=1278 NEW BEST: matchTypes=0 todayTypes=4 stocks=5 (eff=5) steps=0 endDist=3
2026/09/10 17:12:58 [DAY 8] iter=1279 NEW BEST: matchTypes=0 todayTypes=4 stocks=5 (eff=5) steps=0 endDist=3
2026/09/10 17:12:58 [DAY 8] iter=1282 NEW BEST: matchTypes=0 todayTypes=4 stocks=5 (eff=5) steps=0 endDist=3
2026/09/10 17:12:58 [DAY 8] iter=1285 NEW BEST: matchTypes=0 todayTypes=4 stocks=5 (eff=5) steps=0 endDist=3
2026/09/10 17:12:58 [DAY 8] iter=1287 NEW BEST: matchTypes=0 todayTypes=4 stocks=5 (eff=5) steps=0 endDist=3
2026/09/10 17:12:58 [DAY 8] iter=1288 NEW BEST: matchTypes=0 todayTypes=4 stocks=5 (eff=5) steps=0 endDist=3
2026/09/10 17:12:58 [DAY 8] iter=1289 NEW BEST: matchTypes=0 todayTypes=4 stocks=5 (eff=5) steps=0 endDist=3
2026/09/10 17:12:58 [DAY 8] iter=1290 NEW BEST: matchTypes=0 todayTypes=4 stocks=5 (eff=5) steps=0 endDist=3
2026/09/10 17:12:58 [DAY 8] iter=1292 NEW BEST: matchTypes=0 todayTypes=4 stocks=5 (eff=5) steps=0 endDist=3
2026/09/10 17:12:58 [DAY 8] iter=1293 NEW BEST: matchTypes=0 todayTypes=4 stocks=5 (eff=5) steps=0 endDist=3
2026/09/10 17:12:58 [DAY 8] iter=1294 NEW BEST: matchTypes=0 todayTypes=4 stocks=5 (eff=5) steps=0 endDist=3
2026/09/10 17:12:58 [DAY 8] iter=1295 NEW BEST: matchTypes=0 todayTypes=4 stocks=5 (eff=5) steps=0 endDist=3
2026/09/10 17:12:58 [DAY 8] iter=1296 NEW BEST: matchTypes=0 todayTypes=4 stocks=5 (eff=5) steps=0 endDist=3
2026/09/10 17:12:58 [DAY 8] iter=1297 NEW BEST: matchTypes=0 todayTypes=4 stocks=5 (eff=5) steps=0 endDist=3
2026/09/10 17:12:58 [DAY 8] iter=1298 NEW BEST: matchTypes=0 todayTypes=4 stocks=5 (eff=5) steps=0 endDist=3
2026/09/10 17:12:58 [DAY 8] iter=1299 NEW BEST: matchTypes=0 todayTypes=4 stocks=5 (eff=5) steps=0 endDist=3
2026/09/10 17:12:58 [DAY 8] iter=1300 NEW BEST: matchTypes=0 todayTypes=4 stocks=5 (eff=5) steps=0 endDist=3
2026/09/10 17:12:58 [DAY 8] iter=1301 NEW BEST: matchTypes=0 todayTypes=4 stocks=5 (eff=5) steps=0 endDist=3
2026/09/10 17:12:58 [DAY 8] iter=1302 NEW BEST: matchTypes=0 todayTypes=4 stocks=5 (eff=5) steps=0 endDist=3
2026/09/10 17:12:58 [DAY 8] iter=1304 NEW BEST: matchTypes=0 todayTypes=4 stocks=5 (eff=5) steps=0 endDist=3
2026/09/10 17:12:58 [DAY 8] iter=1306 NEW BEST: matchTypes=0 todayTypes=4 stocks=5 (eff=5) steps=0 endDist=3
2026/09/10 17:12:58 [DAY 8] iter=1307 NEW BEST: matchTypes=0 todayTypes=4 stocks=5 (eff=5) steps=0 endDist=3
2026/09/10 17:12:58 [DAY 8] iter=1310 NEW BEST: matchTypes=0 todayTypes=4 stocks=5 (eff=5) steps=0 endDist=3
2026/09/10 17:12:58 [DAY 8] iter=1311 NEW BEST: matchTypes=0 todayTypes=4 stocks=5 (eff=5) steps=0 endDist=3
2026/09/10 17:12:58 [DAY 8] iter=1312 NEW BEST: matchTypes=0 todayTypes=4 stocks=5 (eff=5) steps=0 endDist=3
2026/09/10 17:12:58 [DAY 8] iter=1313 NEW BEST: matchTypes=0 todayTypes=4 stocks=5 (eff=5) steps=0 endDist=3
2026/09/10 17:12:58 [DAY 8] iter=1315 NEW BEST: matchTypes=0 todayTypes=4 stocks=5 (eff=5) steps=0 endDist=3
2026/09/10 17:12:58 [DAY 8] iter=1316 NEW BEST: matchTypes=0 todayTypes=4 stocks=5 (eff=5) steps=0 endDist=3
2026/09/10 17:12:58 [DAY 8] iter=1317 NEW BEST: matchTypes=0 todayTypes=4 stocks=5 (eff=5) steps=0 endDist=3
2026/09/10 17:12:58 [DAY 8] iter=1318 NEW BEST: matchTypes=0 todayTypes=4 stocks=5 (eff=5) steps=0 endDist=3
2026/09/10 17:12:58 [DAY 8] iter=1319 NEW BEST: matchTypes=0 todayTypes=4 stocks=5 (eff=5) steps=0 endDist=3
2026/09/10 17:12:58 [DAY 8] iter=1321 NEW BEST: matchTypes=0 todayTypes=4 stocks=5 (eff=5) steps=0 endDist=3
2026/09/10 17:12:58 [DAY 8] iter=1323 NEW BEST: matchTypes=0 todayTypes=4 stocks=5 (eff=5) steps=0 endDist=3
2026/09/10 17:12:58 [DAY 8] iter=1328 NEW BEST: matchTypes=0 todayTypes=4 stocks=5 (eff=5) steps=0 endDist=3
2026/09/10 17:12:58 [DAY 8] iter=1329 NEW BEST: matchTypes=0 todayTypes=4 stocks=5 (eff=5) steps=0 endDist=3
2026/09/10 17:12:58 [DAY 8] iter=1330 NEW BEST: matchTypes=0 todayTypes=4 stocks=5 (eff=5) steps=0 endDist=3
2026/09/10 17:12:58 [DAY 8] iter=1331 NEW BEST: matchTypes=0 todayTypes=4 stocks=5 (eff=5) steps=0 endDist=3
2026/09/10 17:12:58 [DAY 8] iter=1333 NEW BEST: matchTypes=0 todayTypes=4 stocks=5 (eff=5) steps=0 endDist=3
2026/09/10 17:12:58 [DAY 8] iter=1338 NEW BEST: matchTypes=0 todayTypes=4 stocks=5 (eff=5) steps=0 endDist=3
2026/09/10 17:12:58 [DAY 8] iter=1341 NEW BEST: matchTypes=0 todayTypes=4 stocks=5 (eff=5) steps=0 endDist=3
2026/09/10 17:12:58 [DAY 8] iter=1342 NEW BEST: matchTypes=0 todayTypes=4 stocks=5 (eff=5) steps=0 endDist=3
2026/09/10 17:12:58 [DAY 8] iter=1344 NEW BEST: matchTypes=0 todayTypes=4 stocks=5 (eff=5) steps=0 endDist=3
2026/09/10 17:12:58 [DAY 8] iter=1346 NEW BEST: matchTypes=0 todayTypes=4 stocks=5 (eff=5) steps=0 endDist=3
2026/09/10 17:12:58 [DAY 8] iter=1347 NEW BEST: matchTypes=0 todayTypes=4 stocks=5 (eff=5) steps=0 endDist=3
2026/09/10 17:12:58 [DAY 8] iter=1350 NEW BEST: matchTypes=0 todayTypes=4 stocks=5 (eff=5) steps=0 endDist=3
2026/09/10 17:12:58 [DAY 8] iter=1351 NEW BEST: matchTypes=0 todayTypes=4 stocks=5 (eff=5) steps=0 endDist=3
2026/09/10 17:12:58 [DAY 8] iter=1352 NEW BEST: matchTypes=0 todayTypes=4 stocks=5 (eff=5) steps=0 endDist=3
2026/09/10 17:12:58 [DAY 8] iter=1353 NEW BEST: matchTypes=0 todayTypes=4 stocks=5 (eff=5) steps=0 endDist=3
2026/09/10 17:12:58 [DAY 8] iter=1355 NEW BEST: matchTypes=0 todayTypes=4 stocks=5 (eff=5) steps=0 endDist=3
2026/09/10 17:12:58 [DAY 8] iter=1356 NEW BEST: matchTypes=0 todayTypes=4 stocks=5 (eff=5) steps=0 endDist=3
2026/09/10 17:12:58 [DAY 8] iter=1357 NEW BEST: matchTypes=0 todayTypes=4 stocks=5 (eff=5) steps=0 endDist=3
2026/09/10 17:12:58 [DAY 8] iter=1360 NEW BEST: matchTypes=0 todayTypes=4 stocks=5 (eff=5) steps=0 endDist=3
2026/09/10 17:12:58 [DAY 8] iter=1362 NEW BEST: matchTypes=0 todayTypes=4 stocks=5 (eff=5) steps=0 endDist=3
2026/09/10 17:12:58 [DAY 8] iter=1363 NEW BEST: matchTypes=0 todayTypes=4 stocks=5 (eff=5) steps=0 endDist=3
2026/09/10 17:12:58 [DAY 8] iter=1364 NEW BEST: matchTypes=0 todayTypes=4 stocks=5 (eff=5) steps=0 endDist=3
2026/09/10 17:12:58 [DAY 8] iter=1365 NEW BEST: matchTypes=0 todayTypes=4 stocks=5 (eff=5) steps=0 endDist=3
2026/09/10 17:12:58 [DAY 8] iter=1366 NEW BEST: matchTypes=0 todayTypes=4 stocks=5 (eff=5) steps=0 endDist=3
2026/09/10 17:12:58 [DAY 8] iter=1367 NEW BEST: matchTypes=0 todayTypes=4 stocks=5 (eff=5) steps=0 endDist=3
2026/09/10 17:12:58 [DAY 8] iter=1369 NEW BEST: matchTypes=0 todayTypes=4 stocks=5 (eff=5) steps=0 endDist=3
2026/09/10 17:12:58 [DAY 8] iter=1370 NEW BEST: matchTypes=0 todayTypes=4 stocks=5 (eff=5) steps=0 endDist=3
2026/09/10 17:12:58 [DAY 8] iter=1373 NEW BEST: matchTypes=0 todayTypes=4 stocks=5 (eff=5) steps=0 endDist=3
2026/09/10 17:12:58 [DAY 8] iter=1374 NEW BEST: matchTypes=0 todayTypes=4 stocks=5 (eff=5) steps=0 endDist=3
2026/09/10 17:12:58 [DAY 8] iter=1375 NEW BEST: matchTypes=0 todayTypes=4 stocks=5 (eff=5) steps=0 endDist=3
2026/09/10 17:12:58 [DAY 8] iter=1378 NEW BEST: matchTypes=0 todayTypes=4 stocks=5 (eff=5) steps=0 endDist=3
2026/09/10 17:12:58 [DAY 8] iter=1379 NEW BEST: matchTypes=0 todayTypes=4 stocks=5 (eff=5) steps=0 endDist=3
2026/09/10 17:12:58 [DAY 8] iter=1383 NEW BEST: matchTypes=0 todayTypes=4 stocks=5 (eff=5) steps=0 endDist=3
2026/09/10 17:12:58 [DAY 8] iter=1384 NEW BEST: matchTypes=0 todayTypes=4 stocks=5 (eff=5) steps=0 endDist=3
2026/09/10 17:12:58 [DAY 8] iter=1386 NEW BEST: matchTypes=0 todayTypes=4 stocks=5 (eff=5) steps=0 endDist=3
2026/09/10 17:12:58 [DAY 8] iter=1387 NEW BEST: matchTypes=0 todayTypes=4 stocks=5 (eff=5) steps=0 endDist=3
2026/09/10 17:12:58 [DAY 8] iter=1388 NEW BEST: matchTypes=0 todayTypes=4 stocks=5 (eff=5) steps=0 endDist=3
2026/09/10 17:12:58 [DAY 8] iter=1389 NEW BEST: matchTypes=0 todayTypes=4 stocks=5 (eff=5) steps=0 endDist=3
2026/09/10 17:12:58 [DAY 8] iter=1390 NEW BEST: matchTypes=0 todayTypes=4 stocks=5 (eff=5) steps=0 endDist=3
2026/09/10 17:12:58 [DAY 8] iter=1391 NEW BEST: matchTypes=0 todayTypes=4 stocks=5 (eff=5) steps=0 endDist=3
2026/09/10 17:12:58 [DAY 8] iter=1392 NEW BEST: matchTypes=0 todayTypes=4 stocks=5 (eff=5) steps=0 endDist=3
2026/09/10 17:12:58 [DAY 8] iter=1396 NEW BEST: matchTypes=0 todayTypes=4 stocks=5 (eff=5) steps=0 endDist=3
2026/09/10 17:12:58 [DAY 8] iter=1397 NEW BEST: matchTypes=0 todayTypes=4 stocks=5 (eff=5) steps=0 endDist=3
2026/09/10 17:12:58 [DAY 8] iter=1398 NEW BEST: matchTypes=0 todayTypes=4 stocks=5 (eff=5) steps=0 endDist=3
2026/09/10 17:12:58 [DAY 8] iter=1399 NEW BEST: matchTypes=0 todayTypes=4 stocks=5 (eff=5) steps=0 endDist=3
2026/09/10 17:12:58 [DAY 8] iter=1400 NEW BEST: matchTypes=0 todayTypes=4 stocks=5 (eff=5) steps=0 endDist=3
2026/09/10 17:12:58 [DAY 8] iter=1401 NEW BEST: matchTypes=0 todayTypes=4 stocks=5 (eff=5) steps=0 endDist=3
2026/09/10 17:12:58 [DAY 8] iter=1402 NEW BEST: matchTypes=0 todayTypes=4 stocks=5 (eff=5) steps=0 endDist=3
2026/09/10 17:12:58 [DAY 8] iter=1403 NEW BEST: matchTypes=0 todayTypes=4 stocks=5 (eff=5) steps=0 endDist=3
2026/09/10 17:12:58 [DAY 8] iter=1404 NEW BEST: matchTypes=0 todayTypes=4 stocks=5 (eff=5) steps=0 endDist=3
2026/09/10 17:12:58 [DAY 8] iter=1406 NEW BEST: matchTypes=0 todayTypes=4 stocks=5 (eff=5) steps=0 endDist=3
2026/09/10 17:12:58 [DAY 8] iter=1407 NEW BEST: matchTypes=0 todayTypes=4 stocks=5 (eff=5) steps=0 endDist=3
2026/09/10 17:12:58 [DAY 8] iter=1408 NEW BEST: matchTypes=0 todayTypes=4 stocks=5 (eff=5) steps=0 endDist=3
2026/09/10 17:12:58 [DAY 8] iter=1409 NEW BEST: matchTypes=0 todayTypes=4 stocks=5 (eff=5) steps=0 endDist=3
2026/09/10 17:12:58 [DAY 8] iter=1410 NEW BEST: matchTypes=0 todayTypes=4 stocks=5 (eff=5) steps=0 endDist=3
2026/09/10 17:12:58 [DAY 8] iter=1411 NEW BEST: matchTypes=0 todayTypes=4 stocks=5 (eff=5) steps=0 endDist=3
2026/09/10 17:12:58 [DAY 8] iter=1413 NEW BEST: matchTypes=0 todayTypes=4 stocks=5 (eff=5) steps=0 endDist=3
2026/09/10 17:12:58 [DAY 8] iter=1417 NEW BEST: matchTypes=0 todayTypes=4 stocks=5 (eff=5) steps=0 endDist=3
2026/09/10 17:12:58 [DAY 8] iter=1418 NEW BEST: matchTypes=0 todayTypes=4 stocks=5 (eff=5) steps=0 endDist=3
2026/09/10 17:12:58 [DAY 8] iter=1421 NEW BEST: matchTypes=0 todayTypes=4 stocks=5 (eff=5) steps=0 endDist=3
2026/09/10 17:12:58 [DAY 8] iter=1422 NEW BEST: matchTypes=0 todayTypes=4 stocks=5 (eff=5) steps=0 endDist=3
2026/09/10 17:12:58 [DAY 8] iter=1423 NEW BEST: matchTypes=0 todayTypes=4 stocks=5 (eff=5) steps=0 endDist=3
2026/09/10 17:12:58 [DAY 8] iter=1424 NEW BEST: matchTypes=0 todayTypes=4 stocks=5 (eff=5) steps=0 endDist=3
2026/09/10 17:12:58 [DAY 8] iter=1425 NEW BEST: matchTypes=0 todayTypes=4 stocks=5 (eff=5) steps=0 endDist=3
2026/09/10 17:12:58 [DAY 8] iter=1427 NEW BEST: matchTypes=0 todayTypes=4 stocks=5 (eff=5) steps=0 endDist=3
2026/09/10 17:12:58 [DAY 8] iter=1428 NEW BEST: matchTypes=0 todayTypes=4 stocks=5 (eff=5) steps=0 endDist=3
2026/09/10 17:12:58 [DAY 8] iter=1429 NEW BEST: matchTypes=0 todayTypes=4 stocks=5 (eff=5) steps=0 endDist=3
2026/09/10 17:12:58 [DAY 8] iter=1430 NEW BEST: matchTypes=0 todayTypes=4 stocks=5 (eff=5) steps=0 endDist=3
2026/09/10 17:12:58 [DAY 8] iter=1431 NEW BEST: matchTypes=0 todayTypes=4 stocks=5 (eff=5) steps=0 endDist=3
2026/09/10 17:12:58 [DAY 8] iter=1433 NEW BEST: matchTypes=0 todayTypes=4 stocks=5 (eff=5) steps=0 endDist=3
2026/09/10 17:12:58 [DAY 8] iter=1435 NEW BEST: matchTypes=0 todayTypes=4 stocks=5 (eff=5) steps=0 endDist=3
2026/09/10 17:12:58 [DAY 8] iter=1439 NEW BEST: matchTypes=0 todayTypes=4 stocks=5 (eff=5) steps=0 endDist=3
2026/09/10 17:12:58 [DAY 8] iter=1443 NEW BEST: matchTypes=0 todayTypes=4 stocks=5 (eff=5) steps=0 endDist=3
2026/09/10 17:12:58 [DAY 8] iter=1444 NEW BEST: matchTypes=0 todayTypes=4 stocks=5 (eff=5) steps=0 endDist=3
2026/09/10 17:12:58 [DAY 8] iter=1448 NEW BEST: matchTypes=0 todayTypes=4 stocks=5 (eff=5) steps=0 endDist=3
2026/09/10 17:12:58 [DAY 8] iter=1449 NEW BEST: matchTypes=0 todayTypes=4 stocks=5 (eff=5) steps=0 endDist=3
2026/09/10 17:12:58 [DAY 8] iter=1450 NEW BEST: matchTypes=0 todayTypes=4 stocks=5 (eff=5) steps=0 endDist=3
2026/09/10 17:12:58 [DAY 8] iter=1451 NEW BEST: matchTypes=0 todayTypes=4 stocks=5 (eff=5) steps=0 endDist=3
2026/09/10 17:12:58 [DAY 8] iter=1452 NEW BEST: matchTypes=0 todayTypes=4 stocks=5 (eff=5) steps=0 endDist=3
2026/09/10 17:12:58 [DAY 8] iter=1453 NEW BEST: matchTypes=0 todayTypes=4 stocks=5 (eff=5) steps=0 endDist=3
2026/09/10 17:12:58 [DAY 8] iter=1455 NEW BEST: matchTypes=0 todayTypes=4 stocks=5 (eff=5) steps=0 endDist=3
2026/09/10 17:12:58 [DAY 8] iter=1456 NEW BEST: matchTypes=0 todayTypes=4 stocks=5 (eff=5) steps=0 endDist=3
2026/09/10 17:12:58 [DAY 8] iter=1458 NEW BEST: matchTypes=0 todayTypes=4 stocks=5 (eff=5) steps=0 endDist=3
2026/09/10 17:12:58 [DAY 8] iter=1460 NEW BEST: matchTypes=0 todayTypes=4 stocks=5 (eff=5) steps=0 endDist=3
2026/09/10 17:12:58 [DAY 8] iter=1461 NEW BEST: matchTypes=0 todayTypes=4 stocks=5 (eff=5) steps=0 endDist=3
2026/09/10 17:12:58 [DAY 8] iter=1463 NEW BEST: matchTypes=0 todayTypes=4 stocks=5 (eff=5) steps=0 endDist=3
2026/09/10 17:12:58 [DAY 8] iter=1464 NEW BEST: matchTypes=0 todayTypes=4 stocks=5 (eff=5) steps=0 endDist=3
2026/09/10 17:12:58 [DAY 8] iter=1465 NEW BEST: matchTypes=0 todayTypes=4 stocks=5 (eff=5) steps=0 endDist=3
2026/09/10 17:12:58 [DAY 8] iter=1467 NEW BEST: matchTypes=0 todayTypes=4 stocks=5 (eff=5) steps=0 endDist=3
2026/09/10 17:12:58 [DAY 8] iter=1468 NEW BEST: matchTypes=0 todayTypes=4 stocks=5 (eff=5) steps=0 endDist=3
2026/09/10 17:12:58 [DAY 8] iter=1469 NEW BEST: matchTypes=0 todayTypes=4 stocks=5 (eff=5) steps=0 endDist=3
2026/09/10 17:12:58 [DAY 8] iter=1471 NEW BEST: matchTypes=0 todayTypes=4 stocks=5 (eff=5) steps=0 endDist=3
2026/09/10 17:12:58 [DAY 8] iter=1477 NEW BEST: matchTypes=0 todayTypes=4 stocks=5 (eff=5) steps=0 endDist=3
2026/09/10 17:12:58 [DAY 8] iter=1478 NEW BEST: matchTypes=0 todayTypes=4 stocks=5 (eff=5) steps=0 endDist=3
2026/09/10 17:12:58 [DAY 8] iter=1479 NEW BEST: matchTypes=0 todayTypes=4 stocks=5 (eff=5) steps=0 endDist=3
2026/09/10 17:12:58 [DAY 8] iter=1480 NEW BEST: matchTypes=0 todayTypes=4 stocks=5 (eff=5) steps=0 endDist=3
2026/09/10 17:12:58 [DAY 8] iter=1481 NEW BEST: matchTypes=0 todayTypes=4 stocks=5 (eff=5) steps=0 endDist=3
2026/09/10 17:12:58 [DAY 8] iter=1482 NEW BEST: matchTypes=0 todayTypes=4 stocks=5 (eff=5) steps=0 endDist=3
2026/09/10 17:12:58 [DAY 8] iter=1484 NEW BEST: matchTypes=0 todayTypes=4 stocks=5 (eff=5) steps=0 endDist=3
2026/09/10 17:12:58 [DAY 8] iter=1487 NEW BEST: matchTypes=0 todayTypes=4 stocks=5 (eff=5) steps=0 endDist=3
2026/09/10 17:12:58 [DAY 8] iter=1488 NEW BEST: matchTypes=0 todayTypes=4 stocks=5 (eff=5) steps=0 endDist=3
2026/09/10 17:12:58 [DAY 8] iter=1489 NEW BEST: matchTypes=0 todayTypes=4 stocks=5 (eff=5) steps=0 endDist=3
2026/09/10 17:12:58 [DAY 8] iter=1490 NEW BEST: matchTypes=0 todayTypes=4 stocks=5 (eff=5) steps=0 endDist=3
2026/09/10 17:12:58 [DAY 8] iter=1492 NEW BEST: matchTypes=0 todayTypes=4 stocks=5 (eff=5) steps=0 endDist=3
2026/09/10 17:12:58 [DAY 8] iter=1493 NEW BEST: matchTypes=0 todayTypes=4 stocks=5 (eff=5) steps=0 endDist=3
2026/09/10 17:12:58 [DAY 8] iter=1494 NEW BEST: matchTypes=0 todayTypes=4 stocks=5 (eff=5) steps=0 endDist=3
2026/09/10 17:12:58 [DAY 8] iter=1495 NEW BEST: matchTypes=0 todayTypes=4 stocks=5 (eff=5) steps=0 endDist=3
2026/09/10 17:12:58 [DAY 8] iter=1497 NEW BEST: matchTypes=0 todayTypes=4 stocks=5 (eff=5) steps=0 endDist=3
2026/09/10 17:12:58 [DAY 8] iter=1499 NEW BEST: matchTypes=0 todayTypes=4 stocks=5 (eff=5) steps=0 endDist=3
2026/09/10 17:12:58 [DAY 8] iter=1500 NEW BEST: matchTypes=0 todayTypes=4 stocks=5 (eff=5) steps=0 endDist=3
2026/09/10 17:12:58 [DAY 8] iter=1501 NEW BEST: matchTypes=0 todayTypes=4 stocks=5 (eff=5) steps=0 endDist=3
2026/09/10 17:12:58 [DAY 8] iter=1503 NEW BEST: matchTypes=0 todayTypes=4 stocks=5 (eff=5) steps=0 endDist=3
2026/09/10 17:12:58 [DAY 8] iter=1506 NEW BEST: matchTypes=0 todayTypes=4 stocks=5 (eff=5) steps=0 endDist=3
2026/09/10 17:12:58 [DAY 8] iter=1507 NEW BEST: matchTypes=0 todayTypes=4 stocks=5 (eff=5) steps=0 endDist=3
2026/09/10 17:12:58 [DAY 8] iter=1508 NEW BEST: matchTypes=0 todayTypes=4 stocks=5 (eff=5) steps=0 endDist=3
2026/09/10 17:12:58 [DAY 8] iter=1509 NEW BEST: matchTypes=0 todayTypes=4 stocks=5 (eff=5) steps=0 endDist=3
2026/09/10 17:12:59 [DAY 8] iter=1510 NEW BEST: matchTypes=0 todayTypes=4 stocks=5 (eff=5) steps=0 endDist=3
2026/09/10 17:12:59 [DAY 8] iter=1512 NEW BEST: matchTypes=0 todayTypes=4 stocks=5 (eff=5) steps=0 endDist=3
2026/09/10 17:12:59 [DAY 8] iter=1513 NEW BEST: matchTypes=0 todayTypes=4 stocks=5 (eff=5) steps=0 endDist=3
2026/09/10 17:12:59 [DAY 8] iter=1514 NEW BEST: matchTypes=0 todayTypes=4 stocks=5 (eff=5) steps=0 endDist=3
2026/09/10 17:12:59 [DAY 8] iter=1517 NEW BEST: matchTypes=0 todayTypes=4 stocks=5 (eff=5) steps=0 endDist=3
2026/09/10 17:12:59 [DAY 8] iter=1519 NEW BEST: matchTypes=0 todayTypes=4 stocks=5 (eff=5) steps=0 endDist=3
2026/09/10 17:12:59 [DAY 8] iter=1520 NEW BEST: matchTypes=0 todayTypes=4 stocks=5 (eff=5) steps=0 endDist=3
2026/09/10 17:12:59 [DAY 8] iter=1521 NEW BEST: matchTypes=0 todayTypes=4 stocks=5 (eff=5) steps=0 endDist=3
2026/09/10 17:12:59 [DAY 8] iter=1523 NEW BEST: matchTypes=0 todayTypes=4 stocks=5 (eff=5) steps=0 endDist=3
2026/09/10 17:12:59 [DAY 8] iter=1525 NEW BEST: matchTypes=0 todayTypes=4 stocks=5 (eff=5) steps=0 endDist=3
2026/09/10 17:12:59 [DAY 8] iter=1528 NEW BEST: matchTypes=0 todayTypes=4 stocks=5 (eff=5) steps=0 endDist=3
2026/09/10 17:12:59 [DAY 8] iter=1531 NEW BEST: matchTypes=0 todayTypes=4 stocks=5 (eff=5) steps=0 endDist=3
2026/09/10 17:12:59 [DAY 8] iter=1532 NEW BEST: matchTypes=0 todayTypes=4 stocks=5 (eff=5) steps=0 endDist=3
2026/09/10 17:12:59 [DAY 8] iter=1534 NEW BEST: matchTypes=0 todayTypes=4 stocks=5 (eff=5) steps=0 endDist=3
2026/09/10 17:12:59 [DAY 8] iter=1535 NEW BEST: matchTypes=0 todayTypes=4 stocks=5 (eff=5) steps=0 endDist=3
2026/09/10 17:12:59 [DAY 8] iter=1536 NEW BEST: matchTypes=0 todayTypes=4 stocks=5 (eff=5) steps=0 endDist=3
2026/09/10 17:12:59 [DAY 8] iter=1537 NEW BEST: matchTypes=0 todayTypes=4 stocks=5 (eff=5) steps=0 endDist=3
2026/09/10 17:12:59 [DAY 8] iter=1541 NEW BEST: matchTypes=0 todayTypes=4 stocks=5 (eff=5) steps=0 endDist=3
2026/09/10 17:12:59 [DAY 8] iter=1542 NEW BEST: matchTypes=0 todayTypes=4 stocks=5 (eff=5) steps=0 endDist=3
2026/09/10 17:12:59 [DAY 8] iter=1544 NEW BEST: matchTypes=0 todayTypes=4 stocks=5 (eff=5) steps=0 endDist=3
2026/09/10 17:12:59 [DAY 8] iter=1548 NEW BEST: matchTypes=0 todayTypes=4 stocks=5 (eff=5) steps=0 endDist=3
2026/09/10 17:12:59 [DAY 8] iter=1549 NEW BEST: matchTypes=0 todayTypes=4 stocks=5 (eff=5) steps=0 endDist=3
2026/09/10 17:12:59 [DAY 8] iter=1550 NEW BEST: matchTypes=0 todayTypes=4 stocks=5 (eff=5) steps=0 endDist=3
2026/09/10 17:12:59 [DAY 8] iter=1551 NEW BEST: matchTypes=0 todayTypes=4 stocks=5 (eff=5) steps=0 endDist=3
2026/09/10 17:12:59 [DAY 8] iter=1556 NEW BEST: matchTypes=0 todayTypes=4 stocks=5 (eff=5) steps=0 endDist=3
2026/09/10 17:12:59 [DAY 8] iter=1557 NEW BEST: matchTypes=0 todayTypes=4 stocks=5 (eff=5) steps=0 endDist=3
2026/09/10 17:12:59 [DAY 8] iter=1558 NEW BEST: matchTypes=0 todayTypes=4 stocks=5 (eff=5) steps=0 endDist=3
2026/09/10 17:12:59 [DAY 8] iter=1559 NEW BEST: matchTypes=0 todayTypes=4 stocks=5 (eff=5) steps=0 endDist=3
2026/09/10 17:12:59 [DAY 8] iter=1560 NEW BEST: matchTypes=0 todayTypes=4 stocks=5 (eff=5) steps=0 endDist=3
2026/09/10 17:12:59 [DAY 8] iter=1562 NEW BEST: matchTypes=0 todayTypes=4 stocks=5 (eff=5) steps=0 endDist=3
2026/09/10 17:12:59 [DAY 8] iter=1564 NEW BEST: matchTypes=0 todayTypes=4 stocks=5 (eff=5) steps=0 endDist=3
2026/09/10 17:12:59 [DAY 8] iter=1566 NEW BEST: matchTypes=0 todayTypes=4 stocks=5 (eff=5) steps=0 endDist=3
2026/09/10 17:12:59 [DAY 8] iter=1567 NEW BEST: matchTypes=0 todayTypes=4 stocks=5 (eff=5) steps=0 endDist=3
2026/09/10 17:12:59 [DAY 8] iter=1568 NEW BEST: matchTypes=0 todayTypes=4 stocks=5 (eff=5) steps=0 endDist=3
2026/09/10 17:12:59 [DAY 8] iter=1569 NEW BEST: matchTypes=0 todayTypes=4 stocks=5 (eff=5) steps=0 endDist=3
2026/09/10 17:12:59 [DAY 8] Search completed in 1571 iterations. Best: matchTypes=0, todayTypes=4, stocks=5/17, steps=0
2026/09/10 17:12:59 [DAY 8] final plan submitted OK (800ms taken).
2026/09/10 17:12:59 [DAY 8] DEBUG brands all-time=4/8 | dayNewTypes(all-time-basis)=[4]
2026/09/10 17:12:59 [WS] Server sent ActionResult: {"protocol_version":"v0.1-draft","type":"action_result","match_id":"m-26990","day":9,"valid":true,"reason":"","submission_id":"team-A-d9-20","response_ms":867}
2026/09/10 17:13:03 [DAY 9] DEBUG positions: [118 97 68 141 124 132] | fuels: [2 3 3 0 3 0]
2026/09/10 17:13:03 [WARNING] CRITICAL LOW FUEL ALERT: Day 9 Agent 0 has ONLY 2 fuel remaining!
2026/09/10 17:13:03 [WARNING] CRITICAL LOW FUEL ALERT: Day 9 Agent 1 has ONLY 3 fuel remaining!
2026/09/10 17:13:03 [WARNING] CRITICAL LOW FUEL ALERT: Day 9 Agent 2 has ONLY 3 fuel remaining!
2026/09/10 17:13:03 [WARNING] CRITICAL LOW FUEL ALERT: Day 9 Agent 3 has ONLY 0 fuel remaining!
2026/09/10 17:13:03 [WARNING] CRITICAL LOW FUEL ALERT: Day 9 Agent 4 has ONLY 3 fuel remaining!
2026/09/10 17:13:03 [WARNING] CRITICAL LOW FUEL ALERT: Day 9 Agent 5 has ONLY 0 fuel remaining!
2026/09/10 17:13:03 [DAY 9] budget=60 steps | 23 road statuses
2026/09/10 17:13:03 [DAY 9] [P2: Medium (12x12)] Dynamic timeout=800ms (budget=60 steps)...
2026/09/10 17:13:03 [DAY 9] Cache built (14 sources).
2026/09/10 17:13:03 [DAY 9] 🚀 Đã nộp sớm baseline an toàn (stocks=5, types=4) lúc 5ms
2026/09/10 17:13:03 [DAY 9] iter=1 NEW BEST: matchTypes=0 todayTypes=4 stocks=5 (eff=5) steps=0 endDist=3
2026/09/10 17:13:03 [DAY 9] iter=2 NEW BEST: matchTypes=0 todayTypes=4 stocks=5 (eff=5) steps=0 endDist=3
2026/09/10 17:13:03 [DAY 9] iter=4 NEW BEST: matchTypes=0 todayTypes=4 stocks=5 (eff=5) steps=0 endDist=3
2026/09/10 17:13:03 [DAY 9] iter=7 NEW BEST: matchTypes=0 todayTypes=4 stocks=5 (eff=5) steps=0 endDist=3
2026/09/10 17:13:03 [DAY 9] iter=9 NEW BEST: matchTypes=0 todayTypes=4 stocks=5 (eff=5) steps=0 endDist=3
2026/09/10 17:13:03 [DAY 9] iter=11 NEW BEST: matchTypes=0 todayTypes=4 stocks=5 (eff=5) steps=0 endDist=3
2026/09/10 17:13:03 [DAY 9] iter=13 NEW BEST: matchTypes=0 todayTypes=4 stocks=5 (eff=5) steps=0 endDist=3
2026/09/10 17:13:03 [DAY 9] iter=14 NEW BEST: matchTypes=0 todayTypes=4 stocks=5 (eff=5) steps=0 endDist=3
2026/09/10 17:13:03 [WS] Server sent ActionResult: {"protocol_version":"v0.1-draft","type":"action_result","match_id":"m-26990","day":10,"valid":true,"reason":"","submission_id":"team-A-d10-21","response_ms":91}
2026/09/10 17:13:03 [DAY 9] iter=16 NEW BEST: matchTypes=0 todayTypes=4 stocks=5 (eff=5) steps=0 endDist=3
2026/09/10 17:13:03 [DAY 9] iter=18 NEW BEST: matchTypes=0 todayTypes=4 stocks=5 (eff=5) steps=0 endDist=3
2026/09/10 17:13:03 [DAY 9] iter=19 NEW BEST: matchTypes=0 todayTypes=4 stocks=5 (eff=5) steps=0 endDist=3
2026/09/10 17:13:03 [DAY 9] iter=22 NEW BEST: matchTypes=0 todayTypes=4 stocks=5 (eff=5) steps=0 endDist=3
2026/09/10 17:13:03 [DAY 9] iter=23 NEW BEST: matchTypes=0 todayTypes=4 stocks=5 (eff=5) steps=0 endDist=3
2026/09/10 17:13:03 [DAY 9] iter=25 NEW BEST: matchTypes=0 todayTypes=4 stocks=5 (eff=5) steps=0 endDist=3
2026/09/10 17:13:03 [DAY 9] iter=27 NEW BEST: matchTypes=0 todayTypes=4 stocks=5 (eff=5) steps=0 endDist=3
2026/09/10 17:13:03 [DAY 9] iter=28 NEW BEST: matchTypes=0 todayTypes=4 stocks=5 (eff=5) steps=0 endDist=3
2026/09/10 17:13:03 [DAY 9] iter=29 NEW BEST: matchTypes=0 todayTypes=4 stocks=5 (eff=5) steps=0 endDist=3
2026/09/10 17:13:03 [DAY 9] iter=32 NEW BEST: matchTypes=0 todayTypes=4 stocks=5 (eff=5) steps=0 endDist=3
2026/09/10 17:13:03 [DAY 9] iter=34 NEW BEST: matchTypes=0 todayTypes=4 stocks=5 (eff=5) steps=0 endDist=3
2026/09/10 17:13:03 [DAY 9] iter=37 NEW BEST: matchTypes=0 todayTypes=4 stocks=5 (eff=5) steps=0 endDist=3
2026/09/10 17:13:03 [DAY 9] iter=38 NEW BEST: matchTypes=0 todayTypes=4 stocks=5 (eff=5) steps=0 endDist=3
2026/09/10 17:13:03 [DAY 9] iter=42 NEW BEST: matchTypes=0 todayTypes=4 stocks=5 (eff=5) steps=0 endDist=3
2026/09/10 17:13:03 [DAY 9] iter=44 NEW BEST: matchTypes=0 todayTypes=4 stocks=5 (eff=5) steps=0 endDist=3
2026/09/10 17:13:03 [DAY 9] iter=46 NEW BEST: matchTypes=0 todayTypes=4 stocks=5 (eff=5) steps=0 endDist=3
2026/09/10 17:13:03 [DAY 9] iter=47 NEW BEST: matchTypes=0 todayTypes=4 stocks=5 (eff=5) steps=0 endDist=3
2026/09/10 17:13:03 [DAY 9] iter=48 NEW BEST: matchTypes=0 todayTypes=4 stocks=5 (eff=5) steps=0 endDist=3
2026/09/10 17:13:03 [DAY 9] iter=50 NEW BEST: matchTypes=0 todayTypes=4 stocks=5 (eff=5) steps=0 endDist=3
2026/09/10 17:13:03 [DAY 9] iter=51 NEW BEST: matchTypes=0 todayTypes=4 stocks=5 (eff=5) steps=0 endDist=3
2026/09/10 17:13:03 [DAY 9] iter=52 NEW BEST: matchTypes=0 todayTypes=4 stocks=5 (eff=5) steps=0 endDist=3
2026/09/10 17:13:03 [DAY 9] iter=53 NEW BEST: matchTypes=0 todayTypes=4 stocks=5 (eff=5) steps=0 endDist=3
2026/09/10 17:13:03 [DAY 9] iter=55 NEW BEST: matchTypes=0 todayTypes=4 stocks=5 (eff=5) steps=0 endDist=3
2026/09/10 17:13:03 [DAY 9] iter=59 NEW BEST: matchTypes=0 todayTypes=4 stocks=5 (eff=5) steps=0 endDist=3
2026/09/10 17:13:03 [DAY 9] iter=60 NEW BEST: matchTypes=0 todayTypes=4 stocks=5 (eff=5) steps=0 endDist=3
2026/09/10 17:13:03 [DAY 9] iter=61 NEW BEST: matchTypes=0 todayTypes=4 stocks=5 (eff=5) steps=0 endDist=3
2026/09/10 17:13:03 [DAY 9] iter=62 NEW BEST: matchTypes=0 todayTypes=4 stocks=5 (eff=5) steps=0 endDist=3
2026/09/10 17:13:03 [DAY 9] iter=64 NEW BEST: matchTypes=0 todayTypes=4 stocks=5 (eff=5) steps=0 endDist=3
2026/09/10 17:13:03 [DAY 9] iter=65 NEW BEST: matchTypes=0 todayTypes=4 stocks=5 (eff=5) steps=0 endDist=3
2026/09/10 17:13:03 [DAY 9] iter=66 NEW BEST: matchTypes=0 todayTypes=4 stocks=5 (eff=5) steps=0 endDist=3
2026/09/10 17:13:03 [DAY 9] iter=67 NEW BEST: matchTypes=0 todayTypes=4 stocks=5 (eff=5) steps=0 endDist=3
2026/09/10 17:13:03 [DAY 9] iter=69 NEW BEST: matchTypes=0 todayTypes=4 stocks=5 (eff=5) steps=0 endDist=3
2026/09/10 17:13:03 [DAY 9] iter=72 NEW BEST: matchTypes=0 todayTypes=4 stocks=5 (eff=5) steps=0 endDist=3
2026/09/10 17:13:03 [DAY 9] iter=73 NEW BEST: matchTypes=0 todayTypes=4 stocks=5 (eff=5) steps=0 endDist=3
2026/09/10 17:13:03 [DAY 9] iter=74 NEW BEST: matchTypes=0 todayTypes=4 stocks=5 (eff=5) steps=0 endDist=3
2026/09/10 17:13:03 [DAY 9] iter=75 NEW BEST: matchTypes=0 todayTypes=4 stocks=5 (eff=5) steps=0 endDist=3
2026/09/10 17:13:03 [DAY 9] iter=76 NEW BEST: matchTypes=0 todayTypes=4 stocks=5 (eff=5) steps=0 endDist=3
2026/09/10 17:13:03 [DAY 9] iter=78 NEW BEST: matchTypes=0 todayTypes=4 stocks=5 (eff=5) steps=0 endDist=3
2026/09/10 17:13:03 [DAY 9] iter=79 NEW BEST: matchTypes=0 todayTypes=4 stocks=5 (eff=5) steps=0 endDist=3
2026/09/10 17:13:03 [DAY 9] iter=82 NEW BEST: matchTypes=0 todayTypes=4 stocks=5 (eff=5) steps=0 endDist=3
2026/09/10 17:13:03 [DAY 9] iter=83 NEW BEST: matchTypes=0 todayTypes=4 stocks=5 (eff=5) steps=0 endDist=3
2026/09/10 17:13:03 [DAY 9] iter=84 NEW BEST: matchTypes=0 todayTypes=4 stocks=5 (eff=5) steps=0 endDist=3
2026/09/10 17:13:03 [DAY 9] iter=85 NEW BEST: matchTypes=0 todayTypes=4 stocks=5 (eff=5) steps=0 endDist=3
2026/09/10 17:13:03 [DAY 9] iter=86 NEW BEST: matchTypes=0 todayTypes=4 stocks=5 (eff=5) steps=0 endDist=3
2026/09/10 17:13:03 [DAY 9] iter=88 NEW BEST: matchTypes=0 todayTypes=4 stocks=5 (eff=5) steps=0 endDist=3
2026/09/10 17:13:03 [DAY 9] iter=90 NEW BEST: matchTypes=0 todayTypes=4 stocks=5 (eff=5) steps=0 endDist=3
2026/09/10 17:13:03 [DAY 9] iter=91 NEW BEST: matchTypes=0 todayTypes=4 stocks=5 (eff=5) steps=0 endDist=3
2026/09/10 17:13:03 [DAY 9] iter=94 NEW BEST: matchTypes=0 todayTypes=4 stocks=5 (eff=5) steps=0 endDist=3
2026/09/10 17:13:03 [DAY 9] iter=95 NEW BEST: matchTypes=0 todayTypes=4 stocks=5 (eff=5) steps=0 endDist=3
2026/09/10 17:13:03 [DAY 9] iter=97 NEW BEST: matchTypes=0 todayTypes=4 stocks=5 (eff=5) steps=0 endDist=3
2026/09/10 17:13:03 [DAY 9] iter=98 NEW BEST: matchTypes=0 todayTypes=4 stocks=5 (eff=5) steps=0 endDist=3
2026/09/10 17:13:03 [DAY 9] iter=102 NEW BEST: matchTypes=0 todayTypes=4 stocks=5 (eff=5) steps=0 endDist=3
2026/09/10 17:13:03 [DAY 9] iter=103 NEW BEST: matchTypes=0 todayTypes=4 stocks=5 (eff=5) steps=0 endDist=3
2026/09/10 17:13:03 [DAY 9] iter=104 NEW BEST: matchTypes=0 todayTypes=4 stocks=5 (eff=5) steps=0 endDist=3
2026/09/10 17:13:03 [DAY 9] iter=106 NEW BEST: matchTypes=0 todayTypes=4 stocks=5 (eff=5) steps=0 endDist=3
2026/09/10 17:13:03 [DAY 9] iter=109 NEW BEST: matchTypes=0 todayTypes=4 stocks=5 (eff=5) steps=0 endDist=3
2026/09/10 17:13:03 [DAY 9] iter=111 NEW BEST: matchTypes=0 todayTypes=4 stocks=5 (eff=5) steps=0 endDist=3
2026/09/10 17:13:03 [DAY 9] iter=112 NEW BEST: matchTypes=0 todayTypes=4 stocks=5 (eff=5) steps=0 endDist=3
2026/09/10 17:13:03 [DAY 9] iter=113 NEW BEST: matchTypes=0 todayTypes=4 stocks=5 (eff=5) steps=0 endDist=3
2026/09/10 17:13:03 [DAY 9] iter=115 NEW BEST: matchTypes=0 todayTypes=4 stocks=5 (eff=5) steps=0 endDist=3
2026/09/10 17:13:03 [DAY 9] iter=116 NEW BEST: matchTypes=0 todayTypes=4 stocks=5 (eff=5) steps=0 endDist=3
2026/09/10 17:13:03 [DAY 9] iter=117 NEW BEST: matchTypes=0 todayTypes=4 stocks=5 (eff=5) steps=0 endDist=3
2026/09/10 17:13:03 [DAY 9] iter=118 NEW BEST: matchTypes=0 todayTypes=4 stocks=5 (eff=5) steps=0 endDist=3
2026/09/10 17:13:03 [DAY 9] iter=119 NEW BEST: matchTypes=0 todayTypes=4 stocks=5 (eff=5) steps=0 endDist=3
2026/09/10 17:13:03 [DAY 9] iter=120 NEW BEST: matchTypes=0 todayTypes=4 stocks=5 (eff=5) steps=0 endDist=3
2026/09/10 17:13:03 [DAY 9] iter=123 NEW BEST: matchTypes=0 todayTypes=4 stocks=5 (eff=5) steps=0 endDist=3
2026/09/10 17:13:03 [DAY 9] iter=125 NEW BEST: matchTypes=0 todayTypes=4 stocks=5 (eff=5) steps=0 endDist=3
2026/09/10 17:13:03 [DAY 9] iter=126 NEW BEST: matchTypes=0 todayTypes=4 stocks=5 (eff=5) steps=0 endDist=3
2026/09/10 17:13:03 [DAY 9] iter=128 NEW BEST: matchTypes=0 todayTypes=4 stocks=5 (eff=5) steps=0 endDist=3
2026/09/10 17:13:03 [DAY 9] iter=129 NEW BEST: matchTypes=0 todayTypes=4 stocks=5 (eff=5) steps=0 endDist=3
2026/09/10 17:13:03 [DAY 9] iter=130 NEW BEST: matchTypes=0 todayTypes=4 stocks=5 (eff=5) steps=0 endDist=3
2026/09/10 17:13:03 [DAY 9] iter=131 NEW BEST: matchTypes=0 todayTypes=4 stocks=5 (eff=5) steps=0 endDist=3
2026/09/10 17:13:03 [DAY 9] iter=132 NEW BEST: matchTypes=0 todayTypes=4 stocks=5 (eff=5) steps=0 endDist=3
2026/09/10 17:13:03 [DAY 9] iter=133 NEW BEST: matchTypes=0 todayTypes=4 stocks=5 (eff=5) steps=0 endDist=3
2026/09/10 17:13:03 [DAY 9] iter=134 NEW BEST: matchTypes=0 todayTypes=4 stocks=5 (eff=5) steps=0 endDist=3
2026/09/10 17:13:03 [DAY 9] iter=135 NEW BEST: matchTypes=0 todayTypes=4 stocks=5 (eff=5) steps=0 endDist=3
2026/09/10 17:13:03 [DAY 9] iter=136 NEW BEST: matchTypes=0 todayTypes=4 stocks=5 (eff=5) steps=0 endDist=3
2026/09/10 17:13:03 [DAY 9] iter=137 NEW BEST: matchTypes=0 todayTypes=4 stocks=5 (eff=5) steps=0 endDist=3
2026/09/10 17:13:03 [DAY 9] iter=141 NEW BEST: matchTypes=0 todayTypes=4 stocks=5 (eff=5) steps=0 endDist=3
2026/09/10 17:13:03 [DAY 9] iter=142 NEW BEST: matchTypes=0 todayTypes=4 stocks=5 (eff=5) steps=0 endDist=3
2026/09/10 17:13:03 [DAY 9] iter=143 NEW BEST: matchTypes=0 todayTypes=4 stocks=5 (eff=5) steps=0 endDist=3
2026/09/10 17:13:03 [DAY 9] iter=144 NEW BEST: matchTypes=0 todayTypes=4 stocks=5 (eff=5) steps=0 endDist=3
2026/09/10 17:13:03 [DAY 9] iter=145 NEW BEST: matchTypes=0 todayTypes=4 stocks=5 (eff=5) steps=0 endDist=3
2026/09/10 17:13:03 [DAY 9] iter=146 NEW BEST: matchTypes=0 todayTypes=4 stocks=5 (eff=5) steps=0 endDist=3
2026/09/10 17:13:03 [DAY 9] iter=148 NEW BEST: matchTypes=0 todayTypes=4 stocks=5 (eff=5) steps=0 endDist=3
2026/09/10 17:13:03 [DAY 9] iter=152 NEW BEST: matchTypes=0 todayTypes=4 stocks=5 (eff=5) steps=0 endDist=3
2026/09/10 17:13:03 [DAY 9] iter=153 NEW BEST: matchTypes=0 todayTypes=4 stocks=5 (eff=5) steps=0 endDist=3
2026/09/10 17:13:03 [DAY 9] iter=154 NEW BEST: matchTypes=0 todayTypes=4 stocks=5 (eff=5) steps=0 endDist=3
2026/09/10 17:13:03 [DAY 9] iter=155 NEW BEST: matchTypes=0 todayTypes=4 stocks=5 (eff=5) steps=0 endDist=3
2026/09/10 17:13:03 [DAY 9] iter=156 NEW BEST: matchTypes=0 todayTypes=4 stocks=5 (eff=5) steps=0 endDist=3
2026/09/10 17:13:03 [DAY 9] iter=158 NEW BEST: matchTypes=0 todayTypes=4 stocks=5 (eff=5) steps=0 endDist=3
2026/09/10 17:13:03 [DAY 9] iter=161 NEW BEST: matchTypes=0 todayTypes=4 stocks=5 (eff=5) steps=0 endDist=3
2026/09/10 17:13:03 [DAY 9] iter=162 NEW BEST: matchTypes=0 todayTypes=4 stocks=5 (eff=5) steps=0 endDist=3
2026/09/10 17:13:03 [DAY 9] iter=163 NEW BEST: matchTypes=0 todayTypes=4 stocks=5 (eff=5) steps=0 endDist=3
2026/09/10 17:13:03 [DAY 9] iter=164 NEW BEST: matchTypes=0 todayTypes=4 stocks=5 (eff=5) steps=0 endDist=3
2026/09/10 17:13:03 [DAY 9] iter=165 NEW BEST: matchTypes=0 todayTypes=4 stocks=5 (eff=5) steps=0 endDist=3
2026/09/10 17:13:03 [DAY 9] iter=166 NEW BEST: matchTypes=0 todayTypes=4 stocks=5 (eff=5) steps=0 endDist=3
2026/09/10 17:13:03 [DAY 9] iter=169 NEW BEST: matchTypes=0 todayTypes=4 stocks=5 (eff=5) steps=0 endDist=3
2026/09/10 17:13:03 [DAY 9] iter=171 NEW BEST: matchTypes=0 todayTypes=4 stocks=5 (eff=5) steps=0 endDist=3
2026/09/10 17:13:03 [DAY 9] iter=172 NEW BEST: matchTypes=0 todayTypes=4 stocks=5 (eff=5) steps=0 endDist=3
2026/09/10 17:13:03 [DAY 9] iter=173 NEW BEST: matchTypes=0 todayTypes=4 stocks=5 (eff=5) steps=0 endDist=3
2026/09/10 17:13:03 [DAY 9] iter=178 NEW BEST: matchTypes=0 todayTypes=4 stocks=5 (eff=5) steps=0 endDist=3
2026/09/10 17:13:03 [DAY 9] iter=181 NEW BEST: matchTypes=0 todayTypes=4 stocks=5 (eff=5) steps=0 endDist=3
2026/09/10 17:13:03 [DAY 9] iter=182 NEW BEST: matchTypes=0 todayTypes=4 stocks=5 (eff=5) steps=0 endDist=3
2026/09/10 17:13:03 [DAY 9] iter=183 NEW BEST: matchTypes=0 todayTypes=4 stocks=5 (eff=5) steps=0 endDist=3
2026/09/10 17:13:03 [DAY 9] iter=187 NEW BEST: matchTypes=0 todayTypes=4 stocks=5 (eff=5) steps=0 endDist=3
2026/09/10 17:13:03 [DAY 9] iter=188 NEW BEST: matchTypes=0 todayTypes=4 stocks=5 (eff=5) steps=0 endDist=3
2026/09/10 17:13:03 [DAY 9] iter=189 NEW BEST: matchTypes=0 todayTypes=4 stocks=5 (eff=5) steps=0 endDist=3
2026/09/10 17:13:03 [DAY 9] iter=190 NEW BEST: matchTypes=0 todayTypes=4 stocks=5 (eff=5) steps=0 endDist=3
2026/09/10 17:13:03 [DAY 9] iter=192 NEW BEST: matchTypes=0 todayTypes=4 stocks=5 (eff=5) steps=0 endDist=3
2026/09/10 17:13:03 [DAY 9] iter=193 NEW BEST: matchTypes=0 todayTypes=4 stocks=5 (eff=5) steps=0 endDist=3
2026/09/10 17:13:03 [DAY 9] iter=195 NEW BEST: matchTypes=0 todayTypes=4 stocks=5 (eff=5) steps=0 endDist=3
2026/09/10 17:13:03 [DAY 9] iter=197 NEW BEST: matchTypes=0 todayTypes=4 stocks=5 (eff=5) steps=0 endDist=3
2026/09/10 17:13:03 [DAY 9] iter=198 NEW BEST: matchTypes=0 todayTypes=4 stocks=5 (eff=5) steps=0 endDist=3
2026/09/10 17:13:03 [DAY 9] iter=199 NEW BEST: matchTypes=0 todayTypes=4 stocks=5 (eff=5) steps=0 endDist=3
2026/09/10 17:13:03 [DAY 9] iter=200 NEW BEST: matchTypes=0 todayTypes=4 stocks=5 (eff=5) steps=0 endDist=3
2026/09/10 17:13:03 [DAY 9] iter=201 NEW BEST: matchTypes=0 todayTypes=4 stocks=5 (eff=5) steps=0 endDist=3
2026/09/10 17:13:03 [DAY 9] iter=202 NEW BEST: matchTypes=0 todayTypes=4 stocks=5 (eff=5) steps=0 endDist=3
2026/09/10 17:13:03 [DAY 9] iter=203 NEW BEST: matchTypes=0 todayTypes=4 stocks=5 (eff=5) steps=0 endDist=3
2026/09/10 17:13:03 [DAY 9] iter=205 NEW BEST: matchTypes=0 todayTypes=4 stocks=5 (eff=5) steps=0 endDist=3
2026/09/10 17:13:03 [DAY 9] iter=207 NEW BEST: matchTypes=0 todayTypes=4 stocks=5 (eff=5) steps=0 endDist=3
2026/09/10 17:13:03 [DAY 9] iter=208 NEW BEST: matchTypes=0 todayTypes=4 stocks=5 (eff=5) steps=0 endDist=3
2026/09/10 17:13:03 [DAY 9] iter=209 NEW BEST: matchTypes=0 todayTypes=4 stocks=5 (eff=5) steps=0 endDist=3
2026/09/10 17:13:03 [DAY 9] iter=213 NEW BEST: matchTypes=0 todayTypes=4 stocks=5 (eff=5) steps=0 endDist=3
2026/09/10 17:13:03 [DAY 9] iter=214 NEW BEST: matchTypes=0 todayTypes=4 stocks=5 (eff=5) steps=0 endDist=3
2026/09/10 17:13:03 [DAY 9] iter=215 NEW BEST: matchTypes=0 todayTypes=4 stocks=5 (eff=5) steps=0 endDist=3
2026/09/10 17:13:03 [DAY 9] iter=219 NEW BEST: matchTypes=0 todayTypes=4 stocks=5 (eff=5) steps=0 endDist=3
2026/09/10 17:13:03 [DAY 9] iter=220 NEW BEST: matchTypes=0 todayTypes=4 stocks=5 (eff=5) steps=0 endDist=3
2026/09/10 17:13:03 [DAY 9] iter=222 NEW BEST: matchTypes=0 todayTypes=4 stocks=5 (eff=5) steps=0 endDist=3
2026/09/10 17:13:03 [DAY 9] iter=224 NEW BEST: matchTypes=0 todayTypes=4 stocks=5 (eff=5) steps=0 endDist=3
2026/09/10 17:13:03 [DAY 9] iter=225 NEW BEST: matchTypes=0 todayTypes=4 stocks=5 (eff=5) steps=0 endDist=3
2026/09/10 17:13:03 [DAY 9] iter=226 NEW BEST: matchTypes=0 todayTypes=4 stocks=5 (eff=5) steps=0 endDist=3
2026/09/10 17:13:03 [DAY 9] iter=227 NEW BEST: matchTypes=0 todayTypes=4 stocks=5 (eff=5) steps=0 endDist=3
2026/09/10 17:13:03 [DAY 9] iter=231 NEW BEST: matchTypes=0 todayTypes=4 stocks=5 (eff=5) steps=0 endDist=3
2026/09/10 17:13:03 [DAY 9] iter=232 NEW BEST: matchTypes=0 todayTypes=4 stocks=5 (eff=5) steps=0 endDist=3
2026/09/10 17:13:03 [DAY 9] iter=233 NEW BEST: matchTypes=0 todayTypes=4 stocks=5 (eff=5) steps=0 endDist=3
2026/09/10 17:13:03 [DAY 9] iter=235 NEW BEST: matchTypes=0 todayTypes=4 stocks=5 (eff=5) steps=0 endDist=3
2026/09/10 17:13:03 [DAY 9] iter=238 NEW BEST: matchTypes=0 todayTypes=4 stocks=5 (eff=5) steps=0 endDist=3
2026/09/10 17:13:03 [DAY 9] iter=239 NEW BEST: matchTypes=0 todayTypes=4 stocks=5 (eff=5) steps=0 endDist=3
2026/09/10 17:13:03 [DAY 9] iter=241 NEW BEST: matchTypes=0 todayTypes=4 stocks=5 (eff=5) steps=0 endDist=3
2026/09/10 17:13:03 [DAY 9] iter=243 NEW BEST: matchTypes=0 todayTypes=4 stocks=5 (eff=5) steps=0 endDist=3
2026/09/10 17:13:03 [DAY 9] iter=244 NEW BEST: matchTypes=0 todayTypes=4 stocks=5 (eff=5) steps=0 endDist=3
2026/09/10 17:13:03 [DAY 9] iter=248 NEW BEST: matchTypes=0 todayTypes=4 stocks=5 (eff=5) steps=0 endDist=3
2026/09/10 17:13:03 [DAY 9] iter=250 NEW BEST: matchTypes=0 todayTypes=4 stocks=5 (eff=5) steps=0 endDist=3
2026/09/10 17:13:03 [DAY 9] iter=251 NEW BEST: matchTypes=0 todayTypes=4 stocks=5 (eff=5) steps=0 endDist=3
2026/09/10 17:13:03 [DAY 9] iter=253 NEW BEST: matchTypes=0 todayTypes=4 stocks=5 (eff=5) steps=0 endDist=3
2026/09/10 17:13:03 [DAY 9] iter=256 NEW BEST: matchTypes=0 todayTypes=4 stocks=5 (eff=5) steps=0 endDist=3
2026/09/10 17:13:03 [DAY 9] iter=257 NEW BEST: matchTypes=0 todayTypes=4 stocks=5 (eff=5) steps=0 endDist=3
2026/09/10 17:13:03 [DAY 9] iter=259 NEW BEST: matchTypes=0 todayTypes=4 stocks=5 (eff=5) steps=0 endDist=3
2026/09/10 17:13:03 [DAY 9] iter=260 NEW BEST: matchTypes=0 todayTypes=4 stocks=5 (eff=5) steps=0 endDist=3
2026/09/10 17:13:03 [DAY 9] iter=261 NEW BEST: matchTypes=0 todayTypes=4 stocks=5 (eff=5) steps=0 endDist=3
2026/09/10 17:13:03 [DAY 9] iter=265 NEW BEST: matchTypes=0 todayTypes=4 stocks=5 (eff=5) steps=0 endDist=3
2026/09/10 17:13:03 [DAY 9] iter=267 NEW BEST: matchTypes=0 todayTypes=4 stocks=5 (eff=5) steps=0 endDist=3
2026/09/10 17:13:03 [DAY 9] iter=269 NEW BEST: matchTypes=0 todayTypes=4 stocks=5 (eff=5) steps=0 endDist=3
2026/09/10 17:13:03 [DAY 9] iter=270 NEW BEST: matchTypes=0 todayTypes=4 stocks=5 (eff=5) steps=0 endDist=3
2026/09/10 17:13:03 [DAY 9] iter=272 NEW BEST: matchTypes=0 todayTypes=4 stocks=5 (eff=5) steps=0 endDist=3
2026/09/10 17:13:03 [DAY 9] iter=274 NEW BEST: matchTypes=0 todayTypes=4 stocks=5 (eff=5) steps=0 endDist=3
2026/09/10 17:13:03 [DAY 9] iter=275 NEW BEST: matchTypes=0 todayTypes=4 stocks=5 (eff=5) steps=0 endDist=3
2026/09/10 17:13:03 [DAY 9] iter=276 NEW BEST: matchTypes=0 todayTypes=4 stocks=5 (eff=5) steps=0 endDist=3
2026/09/10 17:13:03 [DAY 9] iter=277 NEW BEST: matchTypes=0 todayTypes=4 stocks=5 (eff=5) steps=0 endDist=3
2026/09/10 17:13:03 [DAY 9] iter=278 NEW BEST: matchTypes=0 todayTypes=4 stocks=5 (eff=5) steps=0 endDist=3
2026/09/10 17:13:03 [DAY 9] iter=281 NEW BEST: matchTypes=0 todayTypes=4 stocks=5 (eff=5) steps=0 endDist=3
2026/09/10 17:13:03 [DAY 9] iter=282 NEW BEST: matchTypes=0 todayTypes=4 stocks=5 (eff=5) steps=0 endDist=3
2026/09/10 17:13:03 [DAY 9] iter=283 NEW BEST: matchTypes=0 todayTypes=4 stocks=5 (eff=5) steps=0 endDist=3
2026/09/10 17:13:03 [DAY 9] iter=284 NEW BEST: matchTypes=0 todayTypes=4 stocks=5 (eff=5) steps=0 endDist=3
2026/09/10 17:13:03 [DAY 9] iter=285 NEW BEST: matchTypes=0 todayTypes=4 stocks=5 (eff=5) steps=0 endDist=3
2026/09/10 17:13:03 [DAY 9] iter=286 NEW BEST: matchTypes=0 todayTypes=4 stocks=5 (eff=5) steps=0 endDist=3
2026/09/10 17:13:03 [DAY 9] iter=287 NEW BEST: matchTypes=0 todayTypes=4 stocks=5 (eff=5) steps=0 endDist=3
2026/09/10 17:13:03 [DAY 9] iter=288 NEW BEST: matchTypes=0 todayTypes=4 stocks=5 (eff=5) steps=0 endDist=3
2026/09/10 17:13:03 [DAY 9] iter=290 NEW BEST: matchTypes=0 todayTypes=4 stocks=5 (eff=5) steps=0 endDist=3
2026/09/10 17:13:03 [DAY 9] iter=294 NEW BEST: matchTypes=0 todayTypes=4 stocks=5 (eff=5) steps=0 endDist=3
2026/09/10 17:13:03 [DAY 9] iter=295 NEW BEST: matchTypes=0 todayTypes=4 stocks=5 (eff=5) steps=0 endDist=3
2026/09/10 17:13:03 [DAY 9] iter=296 NEW BEST: matchTypes=0 todayTypes=4 stocks=5 (eff=5) steps=0 endDist=3
2026/09/10 17:13:03 [DAY 9] iter=297 NEW BEST: matchTypes=0 todayTypes=4 stocks=5 (eff=5) steps=0 endDist=3
2026/09/10 17:13:03 [DAY 9] iter=298 NEW BEST: matchTypes=0 todayTypes=4 stocks=5 (eff=5) steps=0 endDist=3
2026/09/10 17:13:03 [DAY 9] iter=300 NEW BEST: matchTypes=0 todayTypes=4 stocks=5 (eff=5) steps=0 endDist=3
2026/09/10 17:13:03 [DAY 9] iter=301 NEW BEST: matchTypes=0 todayTypes=4 stocks=5 (eff=5) steps=0 endDist=3
2026/09/10 17:13:03 [DAY 9] iter=302 NEW BEST: matchTypes=0 todayTypes=4 stocks=5 (eff=5) steps=0 endDist=3
2026/09/10 17:13:03 [DAY 9] iter=309 NEW BEST: matchTypes=0 todayTypes=4 stocks=5 (eff=5) steps=0 endDist=3
2026/09/10 17:13:03 [DAY 9] iter=310 NEW BEST: matchTypes=0 todayTypes=4 stocks=5 (eff=5) steps=0 endDist=3
2026/09/10 17:13:03 [DAY 9] iter=311 NEW BEST: matchTypes=0 todayTypes=4 stocks=5 (eff=5) steps=0 endDist=3
2026/09/10 17:13:03 [DAY 9] iter=312 NEW BEST: matchTypes=0 todayTypes=4 stocks=5 (eff=5) steps=0 endDist=3
2026/09/10 17:13:03 [DAY 9] iter=313 NEW BEST: matchTypes=0 todayTypes=4 stocks=5 (eff=5) steps=0 endDist=3
2026/09/10 17:13:03 [DAY 9] iter=314 NEW BEST: matchTypes=0 todayTypes=4 stocks=5 (eff=5) steps=0 endDist=3
2026/09/10 17:13:03 [DAY 9] iter=315 NEW BEST: matchTypes=0 todayTypes=4 stocks=5 (eff=5) steps=0 endDist=3
2026/09/10 17:13:03 [DAY 9] iter=316 NEW BEST: matchTypes=0 todayTypes=4 stocks=5 (eff=5) steps=0 endDist=3
2026/09/10 17:13:03 [DAY 9] iter=318 NEW BEST: matchTypes=0 todayTypes=4 stocks=5 (eff=5) steps=0 endDist=3
2026/09/10 17:13:03 [DAY 9] iter=319 NEW BEST: matchTypes=0 todayTypes=4 stocks=5 (eff=5) steps=0 endDist=3
2026/09/10 17:13:03 [DAY 9] iter=320 NEW BEST: matchTypes=0 todayTypes=4 stocks=5 (eff=5) steps=0 endDist=3
2026/09/10 17:13:03 [DAY 9] iter=322 NEW BEST: matchTypes=0 todayTypes=4 stocks=5 (eff=5) steps=0 endDist=3
2026/09/10 17:13:03 [DAY 9] iter=323 NEW BEST: matchTypes=0 todayTypes=4 stocks=5 (eff=5) steps=0 endDist=3
2026/09/10 17:13:03 [DAY 9] iter=324 NEW BEST: matchTypes=0 todayTypes=4 stocks=5 (eff=5) steps=0 endDist=3
2026/09/10 17:13:03 [DAY 9] iter=325 NEW BEST: matchTypes=0 todayTypes=4 stocks=5 (eff=5) steps=0 endDist=3
2026/09/10 17:13:03 [DAY 9] iter=326 NEW BEST: matchTypes=0 todayTypes=4 stocks=5 (eff=5) steps=0 endDist=3
2026/09/10 17:13:03 [DAY 9] iter=327 NEW BEST: matchTypes=0 todayTypes=4 stocks=5 (eff=5) steps=0 endDist=3
2026/09/10 17:13:03 [DAY 9] iter=329 NEW BEST: matchTypes=0 todayTypes=4 stocks=5 (eff=5) steps=0 endDist=3
2026/09/10 17:13:03 [DAY 9] iter=331 NEW BEST: matchTypes=0 todayTypes=4 stocks=5 (eff=5) steps=0 endDist=3
2026/09/10 17:13:03 [DAY 9] iter=332 NEW BEST: matchTypes=0 todayTypes=4 stocks=5 (eff=5) steps=0 endDist=3
2026/09/10 17:13:03 [DAY 9] iter=333 NEW BEST: matchTypes=0 todayTypes=4 stocks=5 (eff=5) steps=0 endDist=3
2026/09/10 17:13:03 [DAY 9] iter=334 NEW BEST: matchTypes=0 todayTypes=4 stocks=5 (eff=5) steps=0 endDist=3
2026/09/10 17:13:03 [DAY 9] iter=337 NEW BEST: matchTypes=0 todayTypes=4 stocks=5 (eff=5) steps=0 endDist=3
2026/09/10 17:13:03 [DAY 9] iter=339 NEW BEST: matchTypes=0 todayTypes=4 stocks=5 (eff=5) steps=0 endDist=3
2026/09/10 17:13:03 [DAY 9] iter=340 NEW BEST: matchTypes=0 todayTypes=4 stocks=5 (eff=5) steps=0 endDist=3
2026/09/10 17:13:03 [DAY 9] iter=341 NEW BEST: matchTypes=0 todayTypes=4 stocks=5 (eff=5) steps=0 endDist=3
2026/09/10 17:13:03 [DAY 9] iter=342 NEW BEST: matchTypes=0 todayTypes=4 stocks=5 (eff=5) steps=0 endDist=3
2026/09/10 17:13:03 [DAY 9] iter=344 NEW BEST: matchTypes=0 todayTypes=4 stocks=5 (eff=5) steps=0 endDist=3
2026/09/10 17:13:03 [DAY 9] iter=356 NEW BEST: matchTypes=0 todayTypes=4 stocks=5 (eff=5) steps=0 endDist=3
2026/09/10 17:13:03 [DAY 9] iter=358 NEW BEST: matchTypes=0 todayTypes=4 stocks=5 (eff=5) steps=0 endDist=3
2026/09/10 17:13:03 [DAY 9] iter=359 NEW BEST: matchTypes=0 todayTypes=4 stocks=5 (eff=5) steps=0 endDist=3
2026/09/10 17:13:03 [DAY 9] iter=360 NEW BEST: matchTypes=0 todayTypes=4 stocks=5 (eff=5) steps=0 endDist=3
2026/09/10 17:13:03 [DAY 9] iter=363 NEW BEST: matchTypes=0 todayTypes=4 stocks=5 (eff=5) steps=0 endDist=3
2026/09/10 17:13:03 [DAY 9] iter=364 NEW BEST: matchTypes=0 todayTypes=4 stocks=5 (eff=5) steps=0 endDist=3
2026/09/10 17:13:03 [DAY 9] iter=365 NEW BEST: matchTypes=0 todayTypes=4 stocks=5 (eff=5) steps=0 endDist=3
2026/09/10 17:13:03 [DAY 9] iter=366 NEW BEST: matchTypes=0 todayTypes=4 stocks=5 (eff=5) steps=0 endDist=3
2026/09/10 17:13:03 [DAY 9] iter=368 NEW BEST: matchTypes=0 todayTypes=4 stocks=5 (eff=5) steps=0 endDist=3
2026/09/10 17:13:03 [DAY 9] iter=369 NEW BEST: matchTypes=0 todayTypes=4 stocks=5 (eff=5) steps=0 endDist=3
2026/09/10 17:13:03 [DAY 9] iter=370 NEW BEST: matchTypes=0 todayTypes=4 stocks=5 (eff=5) steps=0 endDist=3
2026/09/10 17:13:03 [DAY 9] iter=371 NEW BEST: matchTypes=0 todayTypes=4 stocks=5 (eff=5) steps=0 endDist=3
2026/09/10 17:13:03 [DAY 9] iter=376 NEW BEST: matchTypes=0 todayTypes=4 stocks=5 (eff=5) steps=0 endDist=3
2026/09/10 17:13:03 [DAY 9] iter=377 NEW BEST: matchTypes=0 todayTypes=4 stocks=5 (eff=5) steps=0 endDist=3
2026/09/10 17:13:03 [DAY 9] iter=378 NEW BEST: matchTypes=0 todayTypes=4 stocks=5 (eff=5) steps=0 endDist=3
2026/09/10 17:13:03 [DAY 9] iter=379 NEW BEST: matchTypes=0 todayTypes=4 stocks=5 (eff=5) steps=0 endDist=3
2026/09/10 17:13:03 [DAY 9] iter=380 NEW BEST: matchTypes=0 todayTypes=4 stocks=5 (eff=5) steps=0 endDist=3
2026/09/10 17:13:03 [DAY 9] iter=381 NEW BEST: matchTypes=0 todayTypes=4 stocks=5 (eff=5) steps=0 endDist=3
2026/09/10 17:13:03 [DAY 9] iter=382 NEW BEST: matchTypes=0 todayTypes=4 stocks=5 (eff=5) steps=0 endDist=3
2026/09/10 17:13:03 [DAY 9] iter=383 NEW BEST: matchTypes=0 todayTypes=4 stocks=5 (eff=5) steps=0 endDist=3
2026/09/10 17:13:03 [DAY 9] iter=385 NEW BEST: matchTypes=0 todayTypes=4 stocks=5 (eff=5) steps=0 endDist=3
2026/09/10 17:13:03 [DAY 9] iter=386 NEW BEST: matchTypes=0 todayTypes=4 stocks=5 (eff=5) steps=0 endDist=3
2026/09/10 17:13:03 [DAY 9] iter=388 NEW BEST: matchTypes=0 todayTypes=4 stocks=5 (eff=5) steps=0 endDist=3
2026/09/10 17:13:03 [DAY 9] iter=392 NEW BEST: matchTypes=0 todayTypes=4 stocks=5 (eff=5) steps=0 endDist=3
2026/09/10 17:13:03 [DAY 9] iter=394 NEW BEST: matchTypes=0 todayTypes=4 stocks=5 (eff=5) steps=0 endDist=3
2026/09/10 17:13:03 [DAY 9] iter=397 NEW BEST: matchTypes=0 todayTypes=4 stocks=5 (eff=5) steps=0 endDist=3
2026/09/10 17:13:03 [DAY 9] iter=398 NEW BEST: matchTypes=0 todayTypes=4 stocks=5 (eff=5) steps=0 endDist=3
2026/09/10 17:13:03 [DAY 9] iter=399 NEW BEST: matchTypes=0 todayTypes=4 stocks=5 (eff=5) steps=0 endDist=3
2026/09/10 17:13:03 [DAY 9] iter=402 NEW BEST: matchTypes=0 todayTypes=4 stocks=5 (eff=5) steps=0 endDist=3
2026/09/10 17:13:03 [DAY 9] iter=403 NEW BEST: matchTypes=0 todayTypes=4 stocks=5 (eff=5) steps=0 endDist=3
2026/09/10 17:13:03 [DAY 9] iter=404 NEW BEST: matchTypes=0 todayTypes=4 stocks=5 (eff=5) steps=0 endDist=3
2026/09/10 17:13:03 [DAY 9] iter=405 NEW BEST: matchTypes=0 todayTypes=4 stocks=5 (eff=5) steps=0 endDist=3
2026/09/10 17:13:03 [DAY 9] iter=406 NEW BEST: matchTypes=0 todayTypes=4 stocks=5 (eff=5) steps=0 endDist=3
2026/09/10 17:13:03 [DAY 9] iter=409 NEW BEST: matchTypes=0 todayTypes=4 stocks=5 (eff=5) steps=0 endDist=3
2026/09/10 17:13:03 [DAY 9] iter=410 NEW BEST: matchTypes=0 todayTypes=4 stocks=5 (eff=5) steps=0 endDist=3
2026/09/10 17:13:03 [DAY 9] iter=412 NEW BEST: matchTypes=0 todayTypes=4 stocks=5 (eff=5) steps=0 endDist=3
2026/09/10 17:13:03 [DAY 9] iter=413 NEW BEST: matchTypes=0 todayTypes=4 stocks=5 (eff=5) steps=0 endDist=3
2026/09/10 17:13:03 [DAY 9] iter=414 NEW BEST: matchTypes=0 todayTypes=4 stocks=5 (eff=5) steps=0 endDist=3
2026/09/10 17:13:03 [DAY 9] iter=415 NEW BEST: matchTypes=0 todayTypes=4 stocks=5 (eff=5) steps=0 endDist=3
2026/09/10 17:13:03 [DAY 9] iter=418 NEW BEST: matchTypes=0 todayTypes=4 stocks=5 (eff=5) steps=0 endDist=3
2026/09/10 17:13:03 [DAY 9] iter=419 NEW BEST: matchTypes=0 todayTypes=4 stocks=5 (eff=5) steps=0 endDist=3
2026/09/10 17:13:03 [DAY 9] iter=421 NEW BEST: matchTypes=0 todayTypes=4 stocks=5 (eff=5) steps=0 endDist=3
2026/09/10 17:13:03 [DAY 9] iter=424 NEW BEST: matchTypes=0 todayTypes=4 stocks=5 (eff=5) steps=0 endDist=3
2026/09/10 17:13:03 [DAY 9] iter=425 NEW BEST: matchTypes=0 todayTypes=4 stocks=5 (eff=5) steps=0 endDist=3
2026/09/10 17:13:03 [DAY 9] iter=426 NEW BEST: matchTypes=0 todayTypes=4 stocks=5 (eff=5) steps=0 endDist=3
2026/09/10 17:13:03 [DAY 9] iter=427 NEW BEST: matchTypes=0 todayTypes=4 stocks=5 (eff=5) steps=0 endDist=3
2026/09/10 17:13:03 [DAY 9] iter=428 NEW BEST: matchTypes=0 todayTypes=4 stocks=5 (eff=5) steps=0 endDist=3
2026/09/10 17:13:03 [DAY 9] iter=429 NEW BEST: matchTypes=0 todayTypes=4 stocks=5 (eff=5) steps=0 endDist=3
2026/09/10 17:13:03 [DAY 9] iter=430 NEW BEST: matchTypes=0 todayTypes=4 stocks=5 (eff=5) steps=0 endDist=3
2026/09/10 17:13:03 [DAY 9] iter=431 NEW BEST: matchTypes=0 todayTypes=4 stocks=5 (eff=5) steps=0 endDist=3
2026/09/10 17:13:03 [DAY 9] iter=433 NEW BEST: matchTypes=0 todayTypes=4 stocks=5 (eff=5) steps=0 endDist=3
2026/09/10 17:13:03 [DAY 9] iter=434 NEW BEST: matchTypes=0 todayTypes=4 stocks=5 (eff=5) steps=0 endDist=3
2026/09/10 17:13:03 [DAY 9] iter=435 NEW BEST: matchTypes=0 todayTypes=4 stocks=5 (eff=5) steps=0 endDist=3
2026/09/10 17:13:03 [DAY 9] iter=437 NEW BEST: matchTypes=0 todayTypes=4 stocks=5 (eff=5) steps=0 endDist=3
2026/09/10 17:13:03 [DAY 9] iter=438 NEW BEST: matchTypes=0 todayTypes=4 stocks=5 (eff=5) steps=0 endDist=3
2026/09/10 17:13:03 [DAY 9] iter=439 NEW BEST: matchTypes=0 todayTypes=4 stocks=5 (eff=5) steps=0 endDist=3
2026/09/10 17:13:03 [DAY 9] iter=442 NEW BEST: matchTypes=0 todayTypes=4 stocks=5 (eff=5) steps=0 endDist=3
2026/09/10 17:13:03 [DAY 9] iter=444 NEW BEST: matchTypes=0 todayTypes=4 stocks=5 (eff=5) steps=0 endDist=3
2026/09/10 17:13:03 [DAY 9] iter=445 NEW BEST: matchTypes=0 todayTypes=4 stocks=5 (eff=5) steps=0 endDist=3
2026/09/10 17:13:03 [DAY 9] iter=446 NEW BEST: matchTypes=0 todayTypes=4 stocks=5 (eff=5) steps=0 endDist=3
2026/09/10 17:13:03 [DAY 9] iter=449 NEW BEST: matchTypes=0 todayTypes=4 stocks=5 (eff=5) steps=0 endDist=3
2026/09/10 17:13:03 [DAY 9] iter=451 NEW BEST: matchTypes=0 todayTypes=4 stocks=5 (eff=5) steps=0 endDist=3
2026/09/10 17:13:03 [DAY 9] iter=452 NEW BEST: matchTypes=0 todayTypes=4 stocks=5 (eff=5) steps=0 endDist=3
2026/09/10 17:13:03 [DAY 9] iter=454 NEW BEST: matchTypes=0 todayTypes=4 stocks=5 (eff=5) steps=0 endDist=3
2026/09/10 17:13:03 [DAY 9] iter=455 NEW BEST: matchTypes=0 todayTypes=4 stocks=5 (eff=5) steps=0 endDist=3
2026/09/10 17:13:03 [DAY 9] iter=456 NEW BEST: matchTypes=0 todayTypes=4 stocks=5 (eff=5) steps=0 endDist=3
2026/09/10 17:13:03 [DAY 9] iter=460 NEW BEST: matchTypes=0 todayTypes=4 stocks=5 (eff=5) steps=0 endDist=3
2026/09/10 17:13:03 [DAY 9] iter=461 NEW BEST: matchTypes=0 todayTypes=4 stocks=5 (eff=5) steps=0 endDist=3
2026/09/10 17:13:03 [DAY 9] iter=462 NEW BEST: matchTypes=0 todayTypes=4 stocks=5 (eff=5) steps=0 endDist=3
2026/09/10 17:13:03 [DAY 9] iter=463 NEW BEST: matchTypes=0 todayTypes=4 stocks=5 (eff=5) steps=0 endDist=3
2026/09/10 17:13:03 [DAY 9] iter=464 NEW BEST: matchTypes=0 todayTypes=4 stocks=5 (eff=5) steps=0 endDist=3
2026/09/10 17:13:03 [DAY 9] iter=465 NEW BEST: matchTypes=0 todayTypes=4 stocks=5 (eff=5) steps=0 endDist=3
2026/09/10 17:13:03 [DAY 9] iter=466 NEW BEST: matchTypes=0 todayTypes=4 stocks=5 (eff=5) steps=0 endDist=3
2026/09/10 17:13:03 [DAY 9] iter=467 NEW BEST: matchTypes=0 todayTypes=4 stocks=5 (eff=5) steps=0 endDist=3
2026/09/10 17:13:03 [DAY 9] iter=468 NEW BEST: matchTypes=0 todayTypes=4 stocks=5 (eff=5) steps=0 endDist=3
2026/09/10 17:13:03 [DAY 9] iter=472 NEW BEST: matchTypes=0 todayTypes=4 stocks=5 (eff=5) steps=0 endDist=3
2026/09/10 17:13:03 [DAY 9] iter=473 NEW BEST: matchTypes=0 todayTypes=4 stocks=5 (eff=5) steps=0 endDist=3
2026/09/10 17:13:03 [DAY 9] iter=476 NEW BEST: matchTypes=0 todayTypes=4 stocks=5 (eff=5) steps=0 endDist=3
2026/09/10 17:13:03 [DAY 9] iter=478 NEW BEST: matchTypes=0 todayTypes=4 stocks=5 (eff=5) steps=0 endDist=3
2026/09/10 17:13:03 [DAY 9] iter=479 NEW BEST: matchTypes=0 todayTypes=4 stocks=5 (eff=5) steps=0 endDist=3
2026/09/10 17:13:03 [DAY 9] iter=481 NEW BEST: matchTypes=0 todayTypes=4 stocks=5 (eff=5) steps=0 endDist=3
2026/09/10 17:13:03 [DAY 9] iter=482 NEW BEST: matchTypes=0 todayTypes=4 stocks=5 (eff=5) steps=0 endDist=3
2026/09/10 17:13:03 [DAY 9] iter=483 NEW BEST: matchTypes=0 todayTypes=4 stocks=5 (eff=5) steps=0 endDist=3
2026/09/10 17:13:03 [DAY 9] iter=484 NEW BEST: matchTypes=0 todayTypes=4 stocks=5 (eff=5) steps=0 endDist=3
2026/09/10 17:13:03 [DAY 9] iter=485 NEW BEST: matchTypes=0 todayTypes=4 stocks=5 (eff=5) steps=0 endDist=3
2026/09/10 17:13:03 [DAY 9] iter=486 NEW BEST: matchTypes=0 todayTypes=4 stocks=5 (eff=5) steps=0 endDist=3
2026/09/10 17:13:03 [DAY 9] iter=487 NEW BEST: matchTypes=0 todayTypes=4 stocks=5 (eff=5) steps=0 endDist=3
2026/09/10 17:13:03 [DAY 9] iter=489 NEW BEST: matchTypes=0 todayTypes=4 stocks=5 (eff=5) steps=0 endDist=3
2026/09/10 17:13:03 [DAY 9] iter=490 NEW BEST: matchTypes=0 todayTypes=4 stocks=5 (eff=5) steps=0 endDist=3
2026/09/10 17:13:03 [DAY 9] iter=491 NEW BEST: matchTypes=0 todayTypes=4 stocks=5 (eff=5) steps=0 endDist=3
2026/09/10 17:13:03 [DAY 9] iter=493 NEW BEST: matchTypes=0 todayTypes=4 stocks=5 (eff=5) steps=0 endDist=3
2026/09/10 17:13:03 [DAY 9] iter=494 NEW BEST: matchTypes=0 todayTypes=4 stocks=5 (eff=5) steps=0 endDist=3
2026/09/10 17:13:03 [DAY 9] iter=495 NEW BEST: matchTypes=0 todayTypes=4 stocks=5 (eff=5) steps=0 endDist=3
2026/09/10 17:13:03 [DAY 9] iter=496 NEW BEST: matchTypes=0 todayTypes=4 stocks=5 (eff=5) steps=0 endDist=3
2026/09/10 17:13:03 [DAY 9] iter=498 NEW BEST: matchTypes=0 todayTypes=4 stocks=5 (eff=5) steps=0 endDist=3
2026/09/10 17:13:03 [DAY 9] iter=499 NEW BEST: matchTypes=0 todayTypes=4 stocks=5 (eff=5) steps=0 endDist=3
2026/09/10 17:13:03 [DAY 9] iter=501 NEW BEST: matchTypes=0 todayTypes=4 stocks=5 (eff=5) steps=0 endDist=3
2026/09/10 17:13:03 [DAY 9] iter=502 NEW BEST: matchTypes=0 todayTypes=4 stocks=5 (eff=5) steps=0 endDist=3
2026/09/10 17:13:03 [DAY 9] iter=503 NEW BEST: matchTypes=0 todayTypes=4 stocks=5 (eff=5) steps=0 endDist=3
2026/09/10 17:13:03 [DAY 9] iter=505 NEW BEST: matchTypes=0 todayTypes=4 stocks=5 (eff=5) steps=0 endDist=3
2026/09/10 17:13:03 [DAY 9] iter=506 NEW BEST: matchTypes=0 todayTypes=4 stocks=5 (eff=5) steps=0 endDist=3
2026/09/10 17:13:03 [DAY 9] iter=508 NEW BEST: matchTypes=0 todayTypes=4 stocks=5 (eff=5) steps=0 endDist=3
2026/09/10 17:13:03 [DAY 9] iter=510 NEW BEST: matchTypes=0 todayTypes=4 stocks=5 (eff=5) steps=0 endDist=3
2026/09/10 17:13:03 [DAY 9] iter=512 NEW BEST: matchTypes=0 todayTypes=4 stocks=5 (eff=5) steps=0 endDist=3
2026/09/10 17:13:03 [DAY 9] iter=513 NEW BEST: matchTypes=0 todayTypes=4 stocks=5 (eff=5) steps=0 endDist=3
2026/09/10 17:13:03 [DAY 9] iter=514 NEW BEST: matchTypes=0 todayTypes=4 stocks=5 (eff=5) steps=0 endDist=3
2026/09/10 17:13:03 [DAY 9] iter=515 NEW BEST: matchTypes=0 todayTypes=4 stocks=5 (eff=5) steps=0 endDist=3
2026/09/10 17:13:03 [DAY 9] iter=517 NEW BEST: matchTypes=0 todayTypes=4 stocks=5 (eff=5) steps=0 endDist=3
2026/09/10 17:13:03 [DAY 9] iter=518 NEW BEST: matchTypes=0 todayTypes=4 stocks=5 (eff=5) steps=0 endDist=3
2026/09/10 17:13:03 [DAY 9] iter=520 NEW BEST: matchTypes=0 todayTypes=4 stocks=5 (eff=5) steps=0 endDist=3
2026/09/10 17:13:03 [DAY 9] iter=521 NEW BEST: matchTypes=0 todayTypes=4 stocks=5 (eff=5) steps=0 endDist=3
2026/09/10 17:13:03 [DAY 9] iter=522 NEW BEST: matchTypes=0 todayTypes=4 stocks=5 (eff=5) steps=0 endDist=3
2026/09/10 17:13:03 [DAY 9] iter=523 NEW BEST: matchTypes=0 todayTypes=4 stocks=5 (eff=5) steps=0 endDist=3
2026/09/10 17:13:03 [DAY 9] iter=524 NEW BEST: matchTypes=0 todayTypes=4 stocks=5 (eff=5) steps=0 endDist=3
2026/09/10 17:13:03 [DAY 9] iter=525 NEW BEST: matchTypes=0 todayTypes=4 stocks=5 (eff=5) steps=0 endDist=3
2026/09/10 17:13:03 [DAY 9] iter=527 NEW BEST: matchTypes=0 todayTypes=4 stocks=5 (eff=5) steps=0 endDist=3
2026/09/10 17:13:03 [DAY 9] iter=529 NEW BEST: matchTypes=0 todayTypes=4 stocks=5 (eff=5) steps=0 endDist=3
2026/09/10 17:13:03 [DAY 9] iter=532 NEW BEST: matchTypes=0 todayTypes=4 stocks=5 (eff=5) steps=0 endDist=3
2026/09/10 17:13:03 [DAY 9] iter=534 NEW BEST: matchTypes=0 todayTypes=4 stocks=5 (eff=5) steps=0 endDist=3
2026/09/10 17:13:03 [DAY 9] iter=535 NEW BEST: matchTypes=0 todayTypes=4 stocks=5 (eff=5) steps=0 endDist=3
2026/09/10 17:13:03 [DAY 9] iter=537 NEW BEST: matchTypes=0 todayTypes=4 stocks=5 (eff=5) steps=0 endDist=3
2026/09/10 17:13:03 [DAY 9] iter=538 NEW BEST: matchTypes=0 todayTypes=4 stocks=5 (eff=5) steps=0 endDist=3
2026/09/10 17:13:03 [DAY 9] iter=539 NEW BEST: matchTypes=0 todayTypes=4 stocks=5 (eff=5) steps=0 endDist=3
2026/09/10 17:13:03 [DAY 9] iter=540 NEW BEST: matchTypes=0 todayTypes=4 stocks=5 (eff=5) steps=0 endDist=3
2026/09/10 17:13:03 [DAY 9] iter=541 NEW BEST: matchTypes=0 todayTypes=4 stocks=5 (eff=5) steps=0 endDist=3
2026/09/10 17:13:03 [DAY 9] iter=542 NEW BEST: matchTypes=0 todayTypes=4 stocks=5 (eff=5) steps=0 endDist=3
2026/09/10 17:13:03 [DAY 9] iter=543 NEW BEST: matchTypes=0 todayTypes=4 stocks=5 (eff=5) steps=0 endDist=3
2026/09/10 17:13:03 [DAY 9] iter=544 NEW BEST: matchTypes=0 todayTypes=4 stocks=5 (eff=5) steps=0 endDist=3
2026/09/10 17:13:03 [DAY 9] iter=545 NEW BEST: matchTypes=0 todayTypes=4 stocks=5 (eff=5) steps=0 endDist=3
2026/09/10 17:13:03 [DAY 9] iter=546 NEW BEST: matchTypes=0 todayTypes=4 stocks=5 (eff=5) steps=0 endDist=3
2026/09/10 17:13:03 [DAY 9] iter=548 NEW BEST: matchTypes=0 todayTypes=4 stocks=5 (eff=5) steps=0 endDist=3
2026/09/10 17:13:03 [DAY 9] iter=550 NEW BEST: matchTypes=0 todayTypes=4 stocks=5 (eff=5) steps=0 endDist=3
2026/09/10 17:13:03 [DAY 9] iter=551 NEW BEST: matchTypes=0 todayTypes=4 stocks=5 (eff=5) steps=0 endDist=3
2026/09/10 17:13:03 [DAY 9] iter=553 NEW BEST: matchTypes=0 todayTypes=4 stocks=5 (eff=5) steps=0 endDist=3
2026/09/10 17:13:03 [DAY 9] iter=556 NEW BEST: matchTypes=0 todayTypes=4 stocks=5 (eff=5) steps=0 endDist=3
2026/09/10 17:13:03 [DAY 9] iter=557 NEW BEST: matchTypes=0 todayTypes=4 stocks=5 (eff=5) steps=0 endDist=3
2026/09/10 17:13:03 [DAY 9] iter=559 NEW BEST: matchTypes=0 todayTypes=4 stocks=5 (eff=5) steps=0 endDist=3
2026/09/10 17:13:03 [DAY 9] iter=561 NEW BEST: matchTypes=0 todayTypes=4 stocks=5 (eff=5) steps=0 endDist=3
2026/09/10 17:13:03 [DAY 9] iter=563 NEW BEST: matchTypes=0 todayTypes=4 stocks=5 (eff=5) steps=0 endDist=3
2026/09/10 17:13:03 [DAY 9] iter=564 NEW BEST: matchTypes=0 todayTypes=4 stocks=5 (eff=5) steps=0 endDist=3
2026/09/10 17:13:03 [DAY 9] iter=565 NEW BEST: matchTypes=0 todayTypes=4 stocks=5 (eff=5) steps=0 endDist=3
2026/09/10 17:13:03 [DAY 9] iter=567 NEW BEST: matchTypes=0 todayTypes=4 stocks=5 (eff=5) steps=0 endDist=3
2026/09/10 17:13:03 [DAY 9] iter=570 NEW BEST: matchTypes=0 todayTypes=4 stocks=5 (eff=5) steps=0 endDist=3
2026/09/10 17:13:03 [DAY 9] iter=571 NEW BEST: matchTypes=0 todayTypes=4 stocks=5 (eff=5) steps=0 endDist=3
2026/09/10 17:13:03 [DAY 9] iter=573 NEW BEST: matchTypes=0 todayTypes=4 stocks=5 (eff=5) steps=0 endDist=3
2026/09/10 17:13:03 [DAY 9] iter=574 NEW BEST: matchTypes=0 todayTypes=4 stocks=5 (eff=5) steps=0 endDist=3
2026/09/10 17:13:03 [DAY 9] iter=576 NEW BEST: matchTypes=0 todayTypes=4 stocks=5 (eff=5) steps=0 endDist=3
2026/09/10 17:13:03 [DAY 9] iter=578 NEW BEST: matchTypes=0 todayTypes=4 stocks=5 (eff=5) steps=0 endDist=3
2026/09/10 17:13:03 [DAY 9] iter=579 NEW BEST: matchTypes=0 todayTypes=4 stocks=5 (eff=5) steps=0 endDist=3
2026/09/10 17:13:03 [DAY 9] iter=581 NEW BEST: matchTypes=0 todayTypes=4 stocks=5 (eff=5) steps=0 endDist=3
2026/09/10 17:13:03 [DAY 9] iter=582 NEW BEST: matchTypes=0 todayTypes=4 stocks=5 (eff=5) steps=0 endDist=3
2026/09/10 17:13:03 [DAY 9] iter=584 NEW BEST: matchTypes=0 todayTypes=4 stocks=5 (eff=5) steps=0 endDist=3
2026/09/10 17:13:03 [DAY 9] iter=588 NEW BEST: matchTypes=0 todayTypes=4 stocks=5 (eff=5) steps=0 endDist=3
2026/09/10 17:13:03 [DAY 9] iter=589 NEW BEST: matchTypes=0 todayTypes=4 stocks=5 (eff=5) steps=0 endDist=3
2026/09/10 17:13:03 [DAY 9] iter=592 NEW BEST: matchTypes=0 todayTypes=4 stocks=5 (eff=5) steps=0 endDist=3
2026/09/10 17:13:03 [DAY 9] iter=594 NEW BEST: matchTypes=0 todayTypes=4 stocks=5 (eff=5) steps=0 endDist=3
2026/09/10 17:13:03 [DAY 9] iter=596 NEW BEST: matchTypes=0 todayTypes=4 stocks=5 (eff=5) steps=0 endDist=3
2026/09/10 17:13:03 [DAY 9] iter=598 NEW BEST: matchTypes=0 todayTypes=4 stocks=5 (eff=5) steps=0 endDist=3
2026/09/10 17:13:03 [DAY 9] iter=600 NEW BEST: matchTypes=0 todayTypes=4 stocks=5 (eff=5) steps=0 endDist=3
2026/09/10 17:13:03 [DAY 9] iter=605 NEW BEST: matchTypes=0 todayTypes=4 stocks=5 (eff=5) steps=0 endDist=3
2026/09/10 17:13:03 [DAY 9] iter=607 NEW BEST: matchTypes=0 todayTypes=4 stocks=5 (eff=5) steps=0 endDist=3
2026/09/10 17:13:03 [DAY 9] iter=608 NEW BEST: matchTypes=0 todayTypes=4 stocks=5 (eff=5) steps=0 endDist=3
2026/09/10 17:13:03 [DAY 9] iter=610 NEW BEST: matchTypes=0 todayTypes=4 stocks=5 (eff=5) steps=0 endDist=3
2026/09/10 17:13:03 [DAY 9] iter=612 NEW BEST: matchTypes=0 todayTypes=4 stocks=5 (eff=5) steps=0 endDist=3
2026/09/10 17:13:03 [DAY 9] iter=614 NEW BEST: matchTypes=0 todayTypes=4 stocks=5 (eff=5) steps=0 endDist=3
2026/09/10 17:13:03 [DAY 9] iter=615 NEW BEST: matchTypes=0 todayTypes=4 stocks=5 (eff=5) steps=0 endDist=3
2026/09/10 17:13:03 [DAY 9] iter=619 NEW BEST: matchTypes=0 todayTypes=4 stocks=5 (eff=5) steps=0 endDist=3
2026/09/10 17:13:03 [DAY 9] iter=621 NEW BEST: matchTypes=0 todayTypes=4 stocks=5 (eff=5) steps=0 endDist=3
2026/09/10 17:13:03 [DAY 9] iter=624 NEW BEST: matchTypes=0 todayTypes=4 stocks=5 (eff=5) steps=0 endDist=3
2026/09/10 17:13:03 [DAY 9] iter=626 NEW BEST: matchTypes=0 todayTypes=4 stocks=5 (eff=5) steps=0 endDist=3
2026/09/10 17:13:03 [DAY 9] iter=627 NEW BEST: matchTypes=0 todayTypes=4 stocks=5 (eff=5) steps=0 endDist=3
2026/09/10 17:13:03 [DAY 9] iter=628 NEW BEST: matchTypes=0 todayTypes=4 stocks=5 (eff=5) steps=0 endDist=3
2026/09/10 17:13:03 [DAY 9] iter=629 NEW BEST: matchTypes=0 todayTypes=4 stocks=5 (eff=5) steps=0 endDist=3
2026/09/10 17:13:03 [DAY 9] iter=632 NEW BEST: matchTypes=0 todayTypes=4 stocks=5 (eff=5) steps=0 endDist=3
2026/09/10 17:13:03 [DAY 9] iter=634 NEW BEST: matchTypes=0 todayTypes=4 stocks=5 (eff=5) steps=0 endDist=3
2026/09/10 17:13:03 [DAY 9] iter=639 NEW BEST: matchTypes=0 todayTypes=4 stocks=5 (eff=5) steps=0 endDist=3
2026/09/10 17:13:03 [DAY 9] iter=640 NEW BEST: matchTypes=0 todayTypes=4 stocks=5 (eff=5) steps=0 endDist=3
2026/09/10 17:13:03 [DAY 9] iter=641 NEW BEST: matchTypes=0 todayTypes=4 stocks=5 (eff=5) steps=0 endDist=3
2026/09/10 17:13:03 [DAY 9] iter=642 NEW BEST: matchTypes=0 todayTypes=4 stocks=5 (eff=5) steps=0 endDist=3
2026/09/10 17:13:03 [DAY 9] iter=643 NEW BEST: matchTypes=0 todayTypes=4 stocks=5 (eff=5) steps=0 endDist=3
2026/09/10 17:13:03 [DAY 9] iter=645 NEW BEST: matchTypes=0 todayTypes=4 stocks=5 (eff=5) steps=0 endDist=3
2026/09/10 17:13:03 [DAY 9] iter=646 NEW BEST: matchTypes=0 todayTypes=4 stocks=5 (eff=5) steps=0 endDist=3
2026/09/10 17:13:03 [DAY 9] iter=647 NEW BEST: matchTypes=0 todayTypes=4 stocks=5 (eff=5) steps=0 endDist=3
2026/09/10 17:13:03 [DAY 9] iter=648 NEW BEST: matchTypes=0 todayTypes=4 stocks=5 (eff=5) steps=0 endDist=3
2026/09/10 17:13:03 [DAY 9] iter=649 NEW BEST: matchTypes=0 todayTypes=4 stocks=5 (eff=5) steps=0 endDist=3
2026/09/10 17:13:03 [DAY 9] iter=650 NEW BEST: matchTypes=0 todayTypes=4 stocks=5 (eff=5) steps=0 endDist=3
2026/09/10 17:13:03 [DAY 9] iter=651 NEW BEST: matchTypes=0 todayTypes=4 stocks=5 (eff=5) steps=0 endDist=3
2026/09/10 17:13:03 [DAY 9] iter=655 NEW BEST: matchTypes=0 todayTypes=4 stocks=5 (eff=5) steps=0 endDist=3
2026/09/10 17:13:03 [DAY 9] iter=657 NEW BEST: matchTypes=0 todayTypes=4 stocks=5 (eff=5) steps=0 endDist=3
2026/09/10 17:13:03 [DAY 9] iter=660 NEW BEST: matchTypes=0 todayTypes=4 stocks=5 (eff=5) steps=0 endDist=3
2026/09/10 17:13:03 [DAY 9] iter=663 NEW BEST: matchTypes=0 todayTypes=4 stocks=5 (eff=5) steps=0 endDist=3
2026/09/10 17:13:03 [DAY 9] iter=665 NEW BEST: matchTypes=0 todayTypes=4 stocks=5 (eff=5) steps=0 endDist=3
2026/09/10 17:13:03 [DAY 9] iter=666 NEW BEST: matchTypes=0 todayTypes=4 stocks=5 (eff=5) steps=0 endDist=3
2026/09/10 17:13:03 [DAY 9] iter=669 NEW BEST: matchTypes=0 todayTypes=4 stocks=5 (eff=5) steps=0 endDist=3
2026/09/10 17:13:03 [DAY 9] iter=671 NEW BEST: matchTypes=0 todayTypes=4 stocks=5 (eff=5) steps=0 endDist=3
2026/09/10 17:13:03 [DAY 9] iter=672 NEW BEST: matchTypes=0 todayTypes=4 stocks=5 (eff=5) steps=0 endDist=3
2026/09/10 17:13:03 [DAY 9] iter=676 NEW BEST: matchTypes=0 todayTypes=4 stocks=5 (eff=5) steps=0 endDist=3
2026/09/10 17:13:03 [DAY 9] iter=678 NEW BEST: matchTypes=0 todayTypes=4 stocks=5 (eff=5) steps=0 endDist=3
2026/09/10 17:13:03 [DAY 9] iter=679 NEW BEST: matchTypes=0 todayTypes=4 stocks=5 (eff=5) steps=0 endDist=3
2026/09/10 17:13:03 [DAY 9] iter=680 NEW BEST: matchTypes=0 todayTypes=4 stocks=5 (eff=5) steps=0 endDist=3
2026/09/10 17:13:03 [DAY 9] iter=681 NEW BEST: matchTypes=0 todayTypes=4 stocks=5 (eff=5) steps=0 endDist=3
2026/09/10 17:13:03 [DAY 9] iter=682 NEW BEST: matchTypes=0 todayTypes=4 stocks=5 (eff=5) steps=0 endDist=3
2026/09/10 17:13:03 [DAY 9] iter=683 NEW BEST: matchTypes=0 todayTypes=4 stocks=5 (eff=5) steps=0 endDist=3
2026/09/10 17:13:03 [DAY 9] iter=684 NEW BEST: matchTypes=0 todayTypes=4 stocks=5 (eff=5) steps=0 endDist=3
2026/09/10 17:13:03 [DAY 9] iter=685 NEW BEST: matchTypes=0 todayTypes=4 stocks=5 (eff=5) steps=0 endDist=3
2026/09/10 17:13:03 [DAY 9] iter=686 NEW BEST: matchTypes=0 todayTypes=4 stocks=5 (eff=5) steps=0 endDist=3
2026/09/10 17:13:03 [DAY 9] iter=687 NEW BEST: matchTypes=0 todayTypes=4 stocks=5 (eff=5) steps=0 endDist=3
2026/09/10 17:13:03 [DAY 9] iter=689 NEW BEST: matchTypes=0 todayTypes=4 stocks=5 (eff=5) steps=0 endDist=3
2026/09/10 17:13:03 [DAY 9] iter=691 NEW BEST: matchTypes=0 todayTypes=4 stocks=5 (eff=5) steps=0 endDist=3
2026/09/10 17:13:03 [DAY 9] iter=693 NEW BEST: matchTypes=0 todayTypes=4 stocks=5 (eff=5) steps=0 endDist=3
2026/09/10 17:13:03 [DAY 9] iter=697 NEW BEST: matchTypes=0 todayTypes=4 stocks=5 (eff=5) steps=0 endDist=3
2026/09/10 17:13:03 [DAY 9] iter=698 NEW BEST: matchTypes=0 todayTypes=4 stocks=5 (eff=5) steps=0 endDist=3
2026/09/10 17:13:03 [DAY 9] iter=699 NEW BEST: matchTypes=0 todayTypes=4 stocks=5 (eff=5) steps=0 endDist=3
2026/09/10 17:13:03 [DAY 9] iter=700 NEW BEST: matchTypes=0 todayTypes=4 stocks=5 (eff=5) steps=0 endDist=3
2026/09/10 17:13:03 [DAY 9] iter=702 NEW BEST: matchTypes=0 todayTypes=4 stocks=5 (eff=5) steps=0 endDist=3
2026/09/10 17:13:03 [DAY 9] iter=703 NEW BEST: matchTypes=0 todayTypes=4 stocks=5 (eff=5) steps=0 endDist=3
2026/09/10 17:13:03 [DAY 9] iter=706 NEW BEST: matchTypes=0 todayTypes=4 stocks=5 (eff=5) steps=0 endDist=3
2026/09/10 17:13:03 [DAY 9] iter=707 NEW BEST: matchTypes=0 todayTypes=4 stocks=5 (eff=5) steps=0 endDist=3
2026/09/10 17:13:03 [DAY 9] iter=708 NEW BEST: matchTypes=0 todayTypes=4 stocks=5 (eff=5) steps=0 endDist=3
2026/09/10 17:13:03 [DAY 9] iter=709 NEW BEST: matchTypes=0 todayTypes=4 stocks=5 (eff=5) steps=0 endDist=3
2026/09/10 17:13:03 [DAY 9] iter=711 NEW BEST: matchTypes=0 todayTypes=4 stocks=5 (eff=5) steps=0 endDist=3
2026/09/10 17:13:03 [DAY 9] iter=713 NEW BEST: matchTypes=0 todayTypes=4 stocks=5 (eff=5) steps=0 endDist=3
2026/09/10 17:13:03 [DAY 9] iter=715 NEW BEST: matchTypes=0 todayTypes=4 stocks=5 (eff=5) steps=0 endDist=3
2026/09/10 17:13:03 [DAY 9] iter=716 NEW BEST: matchTypes=0 todayTypes=4 stocks=5 (eff=5) steps=0 endDist=3
2026/09/10 17:13:03 [DAY 9] iter=718 NEW BEST: matchTypes=0 todayTypes=4 stocks=5 (eff=5) steps=0 endDist=3
2026/09/10 17:13:03 [DAY 9] iter=719 NEW BEST: matchTypes=0 todayTypes=4 stocks=5 (eff=5) steps=0 endDist=3
2026/09/10 17:13:03 [DAY 9] iter=720 NEW BEST: matchTypes=0 todayTypes=4 stocks=5 (eff=5) steps=0 endDist=3
2026/09/10 17:13:03 [DAY 9] iter=721 NEW BEST: matchTypes=0 todayTypes=4 stocks=5 (eff=5) steps=0 endDist=3
2026/09/10 17:13:03 [DAY 9] iter=722 NEW BEST: matchTypes=0 todayTypes=4 stocks=5 (eff=5) steps=0 endDist=3
2026/09/10 17:13:03 [DAY 9] iter=723 NEW BEST: matchTypes=0 todayTypes=4 stocks=5 (eff=5) steps=0 endDist=3
2026/09/10 17:13:03 [DAY 9] iter=724 NEW BEST: matchTypes=0 todayTypes=4 stocks=5 (eff=5) steps=0 endDist=3
2026/09/10 17:13:03 [DAY 9] iter=725 NEW BEST: matchTypes=0 todayTypes=4 stocks=5 (eff=5) steps=0 endDist=3
2026/09/10 17:13:03 [DAY 9] iter=727 NEW BEST: matchTypes=0 todayTypes=4 stocks=5 (eff=5) steps=0 endDist=3
2026/09/10 17:13:03 [DAY 9] iter=730 NEW BEST: matchTypes=0 todayTypes=4 stocks=5 (eff=5) steps=0 endDist=3
2026/09/10 17:13:03 [DAY 9] iter=731 NEW BEST: matchTypes=0 todayTypes=4 stocks=5 (eff=5) steps=0 endDist=3
2026/09/10 17:13:03 [DAY 9] iter=733 NEW BEST: matchTypes=0 todayTypes=4 stocks=5 (eff=5) steps=0 endDist=3
2026/09/10 17:13:03 [DAY 9] iter=735 NEW BEST: matchTypes=0 todayTypes=4 stocks=5 (eff=5) steps=0 endDist=3
2026/09/10 17:13:03 [DAY 9] iter=737 NEW BEST: matchTypes=0 todayTypes=4 stocks=5 (eff=5) steps=0 endDist=3
2026/09/10 17:13:03 [DAY 9] iter=738 NEW BEST: matchTypes=0 todayTypes=4 stocks=5 (eff=5) steps=0 endDist=3
2026/09/10 17:13:03 [DAY 9] iter=740 NEW BEST: matchTypes=0 todayTypes=4 stocks=5 (eff=5) steps=0 endDist=3
2026/09/10 17:13:03 [DAY 9] iter=741 NEW BEST: matchTypes=0 todayTypes=4 stocks=5 (eff=5) steps=0 endDist=3
2026/09/10 17:13:03 [DAY 9] iter=744 NEW BEST: matchTypes=0 todayTypes=4 stocks=5 (eff=5) steps=0 endDist=3
2026/09/10 17:13:03 [DAY 9] iter=746 NEW BEST: matchTypes=0 todayTypes=4 stocks=5 (eff=5) steps=0 endDist=3
2026/09/10 17:13:03 [DAY 9] iter=750 NEW BEST: matchTypes=0 todayTypes=4 stocks=5 (eff=5) steps=0 endDist=3
2026/09/10 17:13:03 [DAY 9] iter=751 NEW BEST: matchTypes=0 todayTypes=4 stocks=5 (eff=5) steps=0 endDist=3
2026/09/10 17:13:03 [DAY 9] iter=753 NEW BEST: matchTypes=0 todayTypes=4 stocks=5 (eff=5) steps=0 endDist=3
2026/09/10 17:13:03 [DAY 9] iter=754 NEW BEST: matchTypes=0 todayTypes=4 stocks=5 (eff=5) steps=0 endDist=3
2026/09/10 17:13:03 [DAY 9] iter=755 NEW BEST: matchTypes=0 todayTypes=4 stocks=5 (eff=5) steps=0 endDist=3
2026/09/10 17:13:03 [DAY 9] iter=758 NEW BEST: matchTypes=0 todayTypes=4 stocks=5 (eff=5) steps=0 endDist=3
2026/09/10 17:13:03 [DAY 9] iter=759 NEW BEST: matchTypes=0 todayTypes=4 stocks=5 (eff=5) steps=0 endDist=3
2026/09/10 17:13:03 [DAY 9] iter=760 NEW BEST: matchTypes=0 todayTypes=4 stocks=5 (eff=5) steps=0 endDist=3
2026/09/10 17:13:03 [DAY 9] iter=761 NEW BEST: matchTypes=0 todayTypes=4 stocks=5 (eff=5) steps=0 endDist=3
2026/09/10 17:13:03 [DAY 9] iter=763 NEW BEST: matchTypes=0 todayTypes=4 stocks=5 (eff=5) steps=0 endDist=3
2026/09/10 17:13:03 [DAY 9] iter=765 NEW BEST: matchTypes=0 todayTypes=4 stocks=5 (eff=5) steps=0 endDist=3
2026/09/10 17:13:03 [DAY 9] iter=767 NEW BEST: matchTypes=0 todayTypes=4 stocks=5 (eff=5) steps=0 endDist=3
2026/09/10 17:13:03 [DAY 9] iter=768 NEW BEST: matchTypes=0 todayTypes=4 stocks=5 (eff=5) steps=0 endDist=3
2026/09/10 17:13:03 [DAY 9] iter=769 NEW BEST: matchTypes=0 todayTypes=4 stocks=5 (eff=5) steps=0 endDist=3
2026/09/10 17:13:03 [DAY 9] iter=771 NEW BEST: matchTypes=0 todayTypes=4 stocks=5 (eff=5) steps=0 endDist=3
2026/09/10 17:13:03 [DAY 9] iter=777 NEW BEST: matchTypes=0 todayTypes=4 stocks=5 (eff=5) steps=0 endDist=3
2026/09/10 17:13:03 [DAY 9] iter=779 NEW BEST: matchTypes=0 todayTypes=4 stocks=5 (eff=5) steps=0 endDist=3
2026/09/10 17:13:03 [DAY 9] iter=780 NEW BEST: matchTypes=0 todayTypes=4 stocks=5 (eff=5) steps=0 endDist=3
2026/09/10 17:13:03 [DAY 9] iter=782 NEW BEST: matchTypes=0 todayTypes=4 stocks=5 (eff=5) steps=0 endDist=3
2026/09/10 17:13:03 [DAY 9] iter=783 NEW BEST: matchTypes=0 todayTypes=4 stocks=5 (eff=5) steps=0 endDist=3
2026/09/10 17:13:03 [DAY 9] iter=785 NEW BEST: matchTypes=0 todayTypes=4 stocks=5 (eff=5) steps=0 endDist=3
2026/09/10 17:13:03 [DAY 9] iter=786 NEW BEST: matchTypes=0 todayTypes=4 stocks=5 (eff=5) steps=0 endDist=3
2026/09/10 17:13:03 [DAY 9] iter=790 NEW BEST: matchTypes=0 todayTypes=4 stocks=5 (eff=5) steps=0 endDist=3
2026/09/10 17:13:03 [DAY 9] iter=791 NEW BEST: matchTypes=0 todayTypes=4 stocks=5 (eff=5) steps=0 endDist=3
2026/09/10 17:13:03 [DAY 9] iter=793 NEW BEST: matchTypes=0 todayTypes=4 stocks=5 (eff=5) steps=0 endDist=3
2026/09/10 17:13:03 [DAY 9] iter=794 NEW BEST: matchTypes=0 todayTypes=4 stocks=5 (eff=5) steps=0 endDist=3
2026/09/10 17:13:03 [DAY 9] iter=796 NEW BEST: matchTypes=0 todayTypes=4 stocks=5 (eff=5) steps=0 endDist=3
2026/09/10 17:13:03 [DAY 9] iter=797 NEW BEST: matchTypes=0 todayTypes=4 stocks=5 (eff=5) steps=0 endDist=3
2026/09/10 17:13:03 [DAY 9] iter=798 NEW BEST: matchTypes=0 todayTypes=4 stocks=5 (eff=5) steps=0 endDist=3
2026/09/10 17:13:03 [DAY 9] iter=800 NEW BEST: matchTypes=0 todayTypes=4 stocks=5 (eff=5) steps=0 endDist=3
2026/09/10 17:13:03 [DAY 9] iter=801 NEW BEST: matchTypes=0 todayTypes=4 stocks=5 (eff=5) steps=0 endDist=3
2026/09/10 17:13:03 [DAY 9] iter=804 NEW BEST: matchTypes=0 todayTypes=4 stocks=5 (eff=5) steps=0 endDist=3
2026/09/10 17:13:03 [DAY 9] iter=805 NEW BEST: matchTypes=0 todayTypes=4 stocks=5 (eff=5) steps=0 endDist=3
2026/09/10 17:13:03 [DAY 9] iter=806 NEW BEST: matchTypes=0 todayTypes=4 stocks=5 (eff=5) steps=0 endDist=3
2026/09/10 17:13:03 [DAY 9] iter=807 NEW BEST: matchTypes=0 todayTypes=4 stocks=5 (eff=5) steps=0 endDist=3
2026/09/10 17:13:03 [DAY 9] iter=808 NEW BEST: matchTypes=0 todayTypes=4 stocks=5 (eff=5) steps=0 endDist=3
2026/09/10 17:13:03 [DAY 9] iter=809 NEW BEST: matchTypes=0 todayTypes=4 stocks=5 (eff=5) steps=0 endDist=3
2026/09/10 17:13:03 [DAY 9] iter=815 NEW BEST: matchTypes=0 todayTypes=4 stocks=5 (eff=5) steps=0 endDist=3
2026/09/10 17:13:03 [DAY 9] iter=817 NEW BEST: matchTypes=0 todayTypes=4 stocks=5 (eff=5) steps=0 endDist=3
2026/09/10 17:13:03 [DAY 9] iter=821 NEW BEST: matchTypes=0 todayTypes=4 stocks=5 (eff=5) steps=0 endDist=3
2026/09/10 17:13:03 [DAY 9] iter=822 NEW BEST: matchTypes=0 todayTypes=4 stocks=5 (eff=5) steps=0 endDist=3
2026/09/10 17:13:03 [DAY 9] iter=823 NEW BEST: matchTypes=0 todayTypes=4 stocks=5 (eff=5) steps=0 endDist=3
2026/09/10 17:13:03 [DAY 9] iter=824 NEW BEST: matchTypes=0 todayTypes=4 stocks=5 (eff=5) steps=0 endDist=3
2026/09/10 17:13:03 [DAY 9] iter=825 NEW BEST: matchTypes=0 todayTypes=4 stocks=5 (eff=5) steps=0 endDist=3
2026/09/10 17:13:03 [DAY 9] iter=827 NEW BEST: matchTypes=0 todayTypes=4 stocks=5 (eff=5) steps=0 endDist=3
2026/09/10 17:13:03 [DAY 9] iter=828 NEW BEST: matchTypes=0 todayTypes=4 stocks=5 (eff=5) steps=0 endDist=3
2026/09/10 17:13:03 [DAY 9] iter=830 NEW BEST: matchTypes=0 todayTypes=4 stocks=5 (eff=5) steps=0 endDist=3
2026/09/10 17:13:03 [DAY 9] iter=831 NEW BEST: matchTypes=0 todayTypes=4 stocks=5 (eff=5) steps=0 endDist=3
2026/09/10 17:13:03 [DAY 9] iter=832 NEW BEST: matchTypes=0 todayTypes=4 stocks=5 (eff=5) steps=0 endDist=3
2026/09/10 17:13:03 [DAY 9] iter=834 NEW BEST: matchTypes=0 todayTypes=4 stocks=5 (eff=5) steps=0 endDist=3
2026/09/10 17:13:03 [DAY 9] iter=835 NEW BEST: matchTypes=0 todayTypes=4 stocks=5 (eff=5) steps=0 endDist=3
2026/09/10 17:13:03 [DAY 9] iter=836 NEW BEST: matchTypes=0 todayTypes=4 stocks=5 (eff=5) steps=0 endDist=3
2026/09/10 17:13:03 [DAY 9] iter=841 NEW BEST: matchTypes=0 todayTypes=4 stocks=5 (eff=5) steps=0 endDist=3
2026/09/10 17:13:03 [DAY 9] iter=843 NEW BEST: matchTypes=0 todayTypes=4 stocks=5 (eff=5) steps=0 endDist=3
2026/09/10 17:13:03 [DAY 9] iter=845 NEW BEST: matchTypes=0 todayTypes=4 stocks=5 (eff=5) steps=0 endDist=3
2026/09/10 17:13:03 [DAY 9] iter=848 NEW BEST: matchTypes=0 todayTypes=4 stocks=5 (eff=5) steps=0 endDist=3
2026/09/10 17:13:03 [DAY 9] iter=849 NEW BEST: matchTypes=0 todayTypes=4 stocks=5 (eff=5) steps=0 endDist=3
2026/09/10 17:13:03 [DAY 9] iter=852 NEW BEST: matchTypes=0 todayTypes=4 stocks=5 (eff=5) steps=0 endDist=3
2026/09/10 17:13:03 [DAY 9] iter=853 NEW BEST: matchTypes=0 todayTypes=4 stocks=5 (eff=5) steps=0 endDist=3
2026/09/10 17:13:03 [DAY 9] iter=856 NEW BEST: matchTypes=0 todayTypes=4 stocks=5 (eff=5) steps=0 endDist=3
2026/09/10 17:13:03 [DAY 9] iter=859 NEW BEST: matchTypes=0 todayTypes=4 stocks=5 (eff=5) steps=0 endDist=3
2026/09/10 17:13:03 [DAY 9] iter=861 NEW BEST: matchTypes=0 todayTypes=4 stocks=5 (eff=5) steps=0 endDist=3
2026/09/10 17:13:03 [DAY 9] iter=862 NEW BEST: matchTypes=0 todayTypes=4 stocks=5 (eff=5) steps=0 endDist=3
2026/09/10 17:13:03 [DAY 9] iter=864 NEW BEST: matchTypes=0 todayTypes=4 stocks=5 (eff=5) steps=0 endDist=3
2026/09/10 17:13:03 [DAY 9] iter=865 NEW BEST: matchTypes=0 todayTypes=4 stocks=5 (eff=5) steps=0 endDist=3
2026/09/10 17:13:03 [DAY 9] iter=867 NEW BEST: matchTypes=0 todayTypes=4 stocks=5 (eff=5) steps=0 endDist=3
2026/09/10 17:13:03 [DAY 9] iter=868 NEW BEST: matchTypes=0 todayTypes=4 stocks=5 (eff=5) steps=0 endDist=3
2026/09/10 17:13:03 [DAY 9] iter=869 NEW BEST: matchTypes=0 todayTypes=4 stocks=5 (eff=5) steps=0 endDist=3
2026/09/10 17:13:03 [DAY 9] iter=873 NEW BEST: matchTypes=0 todayTypes=4 stocks=5 (eff=5) steps=0 endDist=3
2026/09/10 17:13:03 [DAY 9] iter=874 NEW BEST: matchTypes=0 todayTypes=4 stocks=5 (eff=5) steps=0 endDist=3
2026/09/10 17:13:03 [DAY 9] iter=875 NEW BEST: matchTypes=0 todayTypes=4 stocks=5 (eff=5) steps=0 endDist=3
2026/09/10 17:13:03 [DAY 9] iter=876 NEW BEST: matchTypes=0 todayTypes=4 stocks=5 (eff=5) steps=0 endDist=3
2026/09/10 17:13:03 [DAY 9] iter=877 NEW BEST: matchTypes=0 todayTypes=4 stocks=5 (eff=5) steps=0 endDist=3
2026/09/10 17:13:03 [DAY 9] iter=879 NEW BEST: matchTypes=0 todayTypes=4 stocks=5 (eff=5) steps=0 endDist=3
2026/09/10 17:13:03 [DAY 9] iter=880 NEW BEST: matchTypes=0 todayTypes=4 stocks=5 (eff=5) steps=0 endDist=3
2026/09/10 17:13:03 [DAY 9] iter=883 NEW BEST: matchTypes=0 todayTypes=4 stocks=5 (eff=5) steps=0 endDist=3
2026/09/10 17:13:03 [DAY 9] iter=884 NEW BEST: matchTypes=0 todayTypes=4 stocks=5 (eff=5) steps=0 endDist=3
2026/09/10 17:13:03 [DAY 9] iter=885 NEW BEST: matchTypes=0 todayTypes=4 stocks=5 (eff=5) steps=0 endDist=3
2026/09/10 17:13:03 [DAY 9] iter=886 NEW BEST: matchTypes=0 todayTypes=4 stocks=5 (eff=5) steps=0 endDist=3
2026/09/10 17:13:03 [DAY 9] iter=887 NEW BEST: matchTypes=0 todayTypes=4 stocks=5 (eff=5) steps=0 endDist=3
2026/09/10 17:13:03 [DAY 9] iter=888 NEW BEST: matchTypes=0 todayTypes=4 stocks=5 (eff=5) steps=0 endDist=3
2026/09/10 17:13:03 [DAY 9] iter=889 NEW BEST: matchTypes=0 todayTypes=4 stocks=5 (eff=5) steps=0 endDist=3
2026/09/10 17:13:03 [DAY 9] iter=890 NEW BEST: matchTypes=0 todayTypes=4 stocks=5 (eff=5) steps=0 endDist=3
2026/09/10 17:13:03 [DAY 9] iter=892 NEW BEST: matchTypes=0 todayTypes=4 stocks=5 (eff=5) steps=0 endDist=3
2026/09/10 17:13:03 [DAY 9] iter=894 NEW BEST: matchTypes=0 todayTypes=4 stocks=5 (eff=5) steps=0 endDist=3
2026/09/10 17:13:03 [DAY 9] iter=895 NEW BEST: matchTypes=0 todayTypes=4 stocks=5 (eff=5) steps=0 endDist=3
2026/09/10 17:13:03 [DAY 9] iter=897 NEW BEST: matchTypes=0 todayTypes=4 stocks=5 (eff=5) steps=0 endDist=3
2026/09/10 17:13:03 [DAY 9] iter=899 NEW BEST: matchTypes=0 todayTypes=4 stocks=5 (eff=5) steps=0 endDist=3
2026/09/10 17:13:03 [DAY 9] iter=902 NEW BEST: matchTypes=0 todayTypes=4 stocks=5 (eff=5) steps=0 endDist=3
2026/09/10 17:13:03 [DAY 9] iter=903 NEW BEST: matchTypes=0 todayTypes=4 stocks=5 (eff=5) steps=0 endDist=3
2026/09/10 17:13:03 [DAY 9] iter=904 NEW BEST: matchTypes=0 todayTypes=4 stocks=5 (eff=5) steps=0 endDist=3
2026/09/10 17:13:03 [DAY 9] iter=905 NEW BEST: matchTypes=0 todayTypes=4 stocks=5 (eff=5) steps=0 endDist=3
2026/09/10 17:13:03 [DAY 9] iter=907 NEW BEST: matchTypes=0 todayTypes=4 stocks=5 (eff=5) steps=0 endDist=3
2026/09/10 17:13:03 [DAY 9] iter=908 NEW BEST: matchTypes=0 todayTypes=4 stocks=5 (eff=5) steps=0 endDist=3
2026/09/10 17:13:03 [DAY 9] iter=909 NEW BEST: matchTypes=0 todayTypes=4 stocks=5 (eff=5) steps=0 endDist=3
2026/09/10 17:13:03 [DAY 9] iter=910 NEW BEST: matchTypes=0 todayTypes=4 stocks=5 (eff=5) steps=0 endDist=3
2026/09/10 17:13:03 [DAY 9] iter=912 NEW BEST: matchTypes=0 todayTypes=4 stocks=5 (eff=5) steps=0 endDist=3
2026/09/10 17:13:03 [DAY 9] iter=914 NEW BEST: matchTypes=0 todayTypes=4 stocks=5 (eff=5) steps=0 endDist=3
2026/09/10 17:13:03 [DAY 9] iter=915 NEW BEST: matchTypes=0 todayTypes=4 stocks=5 (eff=5) steps=0 endDist=3
2026/09/10 17:13:03 [DAY 9] iter=916 NEW BEST: matchTypes=0 todayTypes=4 stocks=5 (eff=5) steps=0 endDist=3
2026/09/10 17:13:03 [DAY 9] iter=917 NEW BEST: matchTypes=0 todayTypes=4 stocks=5 (eff=5) steps=0 endDist=3
2026/09/10 17:13:03 [DAY 9] iter=918 NEW BEST: matchTypes=0 todayTypes=4 stocks=5 (eff=5) steps=0 endDist=3
2026/09/10 17:13:03 [DAY 9] iter=919 NEW BEST: matchTypes=0 todayTypes=4 stocks=5 (eff=5) steps=0 endDist=3
2026/09/10 17:13:03 [DAY 9] iter=920 NEW BEST: matchTypes=0 todayTypes=4 stocks=5 (eff=5) steps=0 endDist=3
2026/09/10 17:13:03 [DAY 9] iter=922 NEW BEST: matchTypes=0 todayTypes=4 stocks=5 (eff=5) steps=0 endDist=3
2026/09/10 17:13:03 [DAY 9] iter=924 NEW BEST: matchTypes=0 todayTypes=4 stocks=5 (eff=5) steps=0 endDist=3
2026/09/10 17:13:03 [DAY 9] iter=925 NEW BEST: matchTypes=0 todayTypes=4 stocks=5 (eff=5) steps=0 endDist=3
2026/09/10 17:13:03 [DAY 9] iter=926 NEW BEST: matchTypes=0 todayTypes=4 stocks=5 (eff=5) steps=0 endDist=3
2026/09/10 17:13:03 [DAY 9] iter=928 NEW BEST: matchTypes=0 todayTypes=4 stocks=5 (eff=5) steps=0 endDist=3
2026/09/10 17:13:03 [DAY 9] iter=935 NEW BEST: matchTypes=0 todayTypes=4 stocks=5 (eff=5) steps=0 endDist=3
2026/09/10 17:13:03 [DAY 9] iter=936 NEW BEST: matchTypes=0 todayTypes=4 stocks=5 (eff=5) steps=0 endDist=3
2026/09/10 17:13:03 [DAY 9] iter=937 NEW BEST: matchTypes=0 todayTypes=4 stocks=5 (eff=5) steps=0 endDist=3
2026/09/10 17:13:03 [DAY 9] iter=938 NEW BEST: matchTypes=0 todayTypes=4 stocks=5 (eff=5) steps=0 endDist=3
2026/09/10 17:13:03 [DAY 9] iter=939 NEW BEST: matchTypes=0 todayTypes=4 stocks=5 (eff=5) steps=0 endDist=3
2026/09/10 17:13:03 [DAY 9] iter=940 NEW BEST: matchTypes=0 todayTypes=4 stocks=5 (eff=5) steps=0 endDist=3
2026/09/10 17:13:03 [DAY 9] iter=941 NEW BEST: matchTypes=0 todayTypes=4 stocks=5 (eff=5) steps=0 endDist=3
2026/09/10 17:13:03 [DAY 9] iter=942 NEW BEST: matchTypes=0 todayTypes=4 stocks=5 (eff=5) steps=0 endDist=3
2026/09/10 17:13:03 [DAY 9] iter=945 NEW BEST: matchTypes=0 todayTypes=4 stocks=5 (eff=5) steps=0 endDist=3
2026/09/10 17:13:03 [DAY 9] iter=947 NEW BEST: matchTypes=0 todayTypes=4 stocks=5 (eff=5) steps=0 endDist=3
2026/09/10 17:13:03 [DAY 9] iter=948 NEW BEST: matchTypes=0 todayTypes=4 stocks=5 (eff=5) steps=0 endDist=3
2026/09/10 17:13:03 [DAY 9] iter=950 NEW BEST: matchTypes=0 todayTypes=4 stocks=5 (eff=5) steps=0 endDist=3
2026/09/10 17:13:03 [DAY 9] iter=951 NEW BEST: matchTypes=0 todayTypes=4 stocks=5 (eff=5) steps=0 endDist=3
2026/09/10 17:13:03 [DAY 9] iter=953 NEW BEST: matchTypes=0 todayTypes=4 stocks=5 (eff=5) steps=0 endDist=3
2026/09/10 17:13:03 [DAY 9] iter=955 NEW BEST: matchTypes=0 todayTypes=4 stocks=5 (eff=5) steps=0 endDist=3
2026/09/10 17:13:03 [DAY 9] iter=956 NEW BEST: matchTypes=0 todayTypes=4 stocks=5 (eff=5) steps=0 endDist=3
2026/09/10 17:13:03 [DAY 9] iter=958 NEW BEST: matchTypes=0 todayTypes=4 stocks=5 (eff=5) steps=0 endDist=3
2026/09/10 17:13:03 [DAY 9] iter=962 NEW BEST: matchTypes=0 todayTypes=4 stocks=5 (eff=5) steps=0 endDist=3
2026/09/10 17:13:03 [DAY 9] iter=963 NEW BEST: matchTypes=0 todayTypes=4 stocks=5 (eff=5) steps=0 endDist=3
2026/09/10 17:13:03 [DAY 9] iter=964 NEW BEST: matchTypes=0 todayTypes=4 stocks=5 (eff=5) steps=0 endDist=3
2026/09/10 17:13:03 [DAY 9] iter=965 NEW BEST: matchTypes=0 todayTypes=4 stocks=5 (eff=5) steps=0 endDist=3
2026/09/10 17:13:03 [DAY 9] iter=968 NEW BEST: matchTypes=0 todayTypes=4 stocks=5 (eff=5) steps=0 endDist=3
2026/09/10 17:13:03 [DAY 9] iter=969 NEW BEST: matchTypes=0 todayTypes=4 stocks=5 (eff=5) steps=0 endDist=3
2026/09/10 17:13:03 [DAY 9] iter=970 NEW BEST: matchTypes=0 todayTypes=4 stocks=5 (eff=5) steps=0 endDist=3
2026/09/10 17:13:03 [DAY 9] iter=971 NEW BEST: matchTypes=0 todayTypes=4 stocks=5 (eff=5) steps=0 endDist=3
2026/09/10 17:13:03 [DAY 9] iter=975 NEW BEST: matchTypes=0 todayTypes=4 stocks=5 (eff=5) steps=0 endDist=3
2026/09/10 17:13:03 [DAY 9] iter=979 NEW BEST: matchTypes=0 todayTypes=4 stocks=5 (eff=5) steps=0 endDist=3
2026/09/10 17:13:03 [DAY 9] iter=981 NEW BEST: matchTypes=0 todayTypes=4 stocks=5 (eff=5) steps=0 endDist=3
2026/09/10 17:13:03 [DAY 9] iter=982 NEW BEST: matchTypes=0 todayTypes=4 stocks=5 (eff=5) steps=0 endDist=3
2026/09/10 17:13:03 [DAY 9] iter=983 NEW BEST: matchTypes=0 todayTypes=4 stocks=5 (eff=5) steps=0 endDist=3
2026/09/10 17:13:03 [DAY 9] iter=984 NEW BEST: matchTypes=0 todayTypes=4 stocks=5 (eff=5) steps=0 endDist=3
2026/09/10 17:13:03 [DAY 9] iter=985 NEW BEST: matchTypes=0 todayTypes=4 stocks=5 (eff=5) steps=0 endDist=3
2026/09/10 17:13:03 [DAY 9] iter=987 NEW BEST: matchTypes=0 todayTypes=4 stocks=5 (eff=5) steps=0 endDist=3
2026/09/10 17:13:03 [DAY 9] iter=988 NEW BEST: matchTypes=0 todayTypes=4 stocks=5 (eff=5) steps=0 endDist=3
2026/09/10 17:13:03 [DAY 9] iter=989 NEW BEST: matchTypes=0 todayTypes=4 stocks=5 (eff=5) steps=0 endDist=3
2026/09/10 17:13:03 [DAY 9] iter=991 NEW BEST: matchTypes=0 todayTypes=4 stocks=5 (eff=5) steps=0 endDist=3
2026/09/10 17:13:03 [DAY 9] iter=995 NEW BEST: matchTypes=0 todayTypes=4 stocks=5 (eff=5) steps=0 endDist=3
2026/09/10 17:13:03 [DAY 9] iter=996 NEW BEST: matchTypes=0 todayTypes=4 stocks=5 (eff=5) steps=0 endDist=3
2026/09/10 17:13:03 [DAY 9] iter=998 NEW BEST: matchTypes=0 todayTypes=4 stocks=5 (eff=5) steps=0 endDist=3
2026/09/10 17:13:03 [DAY 9] iter=1000 NEW BEST: matchTypes=0 todayTypes=4 stocks=5 (eff=5) steps=0 endDist=3
2026/09/10 17:13:03 [DAY 9] iter=1001 NEW BEST: matchTypes=0 todayTypes=4 stocks=5 (eff=5) steps=0 endDist=3
2026/09/10 17:13:03 [DAY 9] iter=1002 NEW BEST: matchTypes=0 todayTypes=4 stocks=5 (eff=5) steps=0 endDist=3
2026/09/10 17:13:03 [DAY 9] iter=1003 NEW BEST: matchTypes=0 todayTypes=4 stocks=5 (eff=5) steps=0 endDist=3
2026/09/10 17:13:03 [DAY 9] iter=1005 NEW BEST: matchTypes=0 todayTypes=4 stocks=5 (eff=5) steps=0 endDist=3
2026/09/10 17:13:03 [DAY 9] iter=1008 NEW BEST: matchTypes=0 todayTypes=4 stocks=5 (eff=5) steps=0 endDist=3
2026/09/10 17:13:03 [DAY 9] iter=1009 NEW BEST: matchTypes=0 todayTypes=4 stocks=5 (eff=5) steps=0 endDist=3
2026/09/10 17:13:03 [DAY 9] iter=1011 NEW BEST: matchTypes=0 todayTypes=4 stocks=5 (eff=5) steps=0 endDist=3
2026/09/10 17:13:03 [DAY 9] iter=1012 NEW BEST: matchTypes=0 todayTypes=4 stocks=5 (eff=5) steps=0 endDist=3
2026/09/10 17:13:03 [DAY 9] iter=1016 NEW BEST: matchTypes=0 todayTypes=4 stocks=5 (eff=5) steps=0 endDist=3
2026/09/10 17:13:03 [DAY 9] iter=1018 NEW BEST: matchTypes=0 todayTypes=4 stocks=5 (eff=5) steps=0 endDist=3
2026/09/10 17:13:03 [DAY 9] iter=1019 NEW BEST: matchTypes=0 todayTypes=4 stocks=5 (eff=5) steps=0 endDist=3
2026/09/10 17:13:03 [DAY 9] iter=1020 NEW BEST: matchTypes=0 todayTypes=4 stocks=5 (eff=5) steps=0 endDist=3
2026/09/10 17:13:03 [DAY 9] iter=1021 NEW BEST: matchTypes=0 todayTypes=4 stocks=5 (eff=5) steps=0 endDist=3
2026/09/10 17:13:03 [DAY 9] iter=1022 NEW BEST: matchTypes=0 todayTypes=4 stocks=5 (eff=5) steps=0 endDist=3
2026/09/10 17:13:03 [DAY 9] iter=1023 NEW BEST: matchTypes=0 todayTypes=4 stocks=5 (eff=5) steps=0 endDist=3
2026/09/10 17:13:03 [DAY 9] iter=1025 NEW BEST: matchTypes=0 todayTypes=4 stocks=5 (eff=5) steps=0 endDist=3
2026/09/10 17:13:03 [DAY 9] iter=1026 NEW BEST: matchTypes=0 todayTypes=4 stocks=5 (eff=5) steps=0 endDist=3
2026/09/10 17:13:03 [DAY 9] iter=1027 NEW BEST: matchTypes=0 todayTypes=4 stocks=5 (eff=5) steps=0 endDist=3
2026/09/10 17:13:03 [DAY 9] iter=1028 NEW BEST: matchTypes=0 todayTypes=4 stocks=5 (eff=5) steps=0 endDist=3
2026/09/10 17:13:03 [DAY 9] iter=1030 NEW BEST: matchTypes=0 todayTypes=4 stocks=5 (eff=5) steps=0 endDist=3
2026/09/10 17:13:03 [DAY 9] iter=1032 NEW BEST: matchTypes=0 todayTypes=4 stocks=5 (eff=5) steps=0 endDist=3
2026/09/10 17:13:03 [DAY 9] iter=1033 NEW BEST: matchTypes=0 todayTypes=4 stocks=5 (eff=5) steps=0 endDist=3
2026/09/10 17:13:03 [DAY 9] iter=1034 NEW BEST: matchTypes=0 todayTypes=4 stocks=5 (eff=5) steps=0 endDist=3
2026/09/10 17:13:03 [DAY 9] iter=1035 NEW BEST: matchTypes=0 todayTypes=4 stocks=5 (eff=5) steps=0 endDist=3
2026/09/10 17:13:03 [DAY 9] iter=1036 NEW BEST: matchTypes=0 todayTypes=4 stocks=5 (eff=5) steps=0 endDist=3
2026/09/10 17:13:03 [DAY 9] iter=1037 NEW BEST: matchTypes=0 todayTypes=4 stocks=5 (eff=5) steps=0 endDist=3
2026/09/10 17:13:03 [DAY 9] iter=1038 NEW BEST: matchTypes=0 todayTypes=4 stocks=5 (eff=5) steps=0 endDist=3
2026/09/10 17:13:03 [DAY 9] iter=1041 NEW BEST: matchTypes=0 todayTypes=4 stocks=5 (eff=5) steps=0 endDist=3
2026/09/10 17:13:03 [DAY 9] iter=1042 NEW BEST: matchTypes=0 todayTypes=4 stocks=5 (eff=5) steps=0 endDist=3
2026/09/10 17:13:03 [DAY 9] iter=1044 NEW BEST: matchTypes=0 todayTypes=4 stocks=5 (eff=5) steps=0 endDist=3
2026/09/10 17:13:03 [DAY 9] iter=1046 NEW BEST: matchTypes=0 todayTypes=4 stocks=5 (eff=5) steps=0 endDist=3
2026/09/10 17:13:03 [DAY 9] iter=1047 NEW BEST: matchTypes=0 todayTypes=4 stocks=5 (eff=5) steps=0 endDist=3
2026/09/10 17:13:03 [DAY 9] iter=1048 NEW BEST: matchTypes=0 todayTypes=4 stocks=5 (eff=5) steps=0 endDist=3
2026/09/10 17:13:03 [DAY 9] iter=1049 NEW BEST: matchTypes=0 todayTypes=4 stocks=5 (eff=5) steps=0 endDist=3
2026/09/10 17:13:03 [DAY 9] iter=1050 NEW BEST: matchTypes=0 todayTypes=4 stocks=5 (eff=5) steps=0 endDist=3
2026/09/10 17:13:03 [DAY 9] iter=1051 NEW BEST: matchTypes=0 todayTypes=4 stocks=5 (eff=5) steps=0 endDist=3
2026/09/10 17:13:03 [DAY 9] iter=1052 NEW BEST: matchTypes=0 todayTypes=4 stocks=5 (eff=5) steps=0 endDist=3
2026/09/10 17:13:03 [DAY 9] iter=1053 NEW BEST: matchTypes=0 todayTypes=4 stocks=5 (eff=5) steps=0 endDist=3
2026/09/10 17:13:03 [DAY 9] iter=1057 NEW BEST: matchTypes=0 todayTypes=4 stocks=5 (eff=5) steps=0 endDist=3
2026/09/10 17:13:03 [DAY 9] iter=1059 NEW BEST: matchTypes=0 todayTypes=4 stocks=5 (eff=5) steps=0 endDist=3
2026/09/10 17:13:03 [DAY 9] iter=1060 NEW BEST: matchTypes=0 todayTypes=4 stocks=5 (eff=5) steps=0 endDist=3
2026/09/10 17:13:03 [DAY 9] iter=1062 NEW BEST: matchTypes=0 todayTypes=4 stocks=5 (eff=5) steps=0 endDist=3
2026/09/10 17:13:03 [DAY 9] iter=1063 NEW BEST: matchTypes=0 todayTypes=4 stocks=5 (eff=5) steps=0 endDist=3
2026/09/10 17:13:03 [DAY 9] iter=1065 NEW BEST: matchTypes=0 todayTypes=4 stocks=5 (eff=5) steps=0 endDist=3
2026/09/10 17:13:03 [DAY 9] iter=1066 NEW BEST: matchTypes=0 todayTypes=4 stocks=5 (eff=5) steps=0 endDist=3
2026/09/10 17:13:03 [DAY 9] iter=1069 NEW BEST: matchTypes=0 todayTypes=4 stocks=5 (eff=5) steps=0 endDist=3
2026/09/10 17:13:03 [DAY 9] iter=1070 NEW BEST: matchTypes=0 todayTypes=4 stocks=5 (eff=5) steps=0 endDist=3
2026/09/10 17:13:03 [DAY 9] iter=1071 NEW BEST: matchTypes=0 todayTypes=4 stocks=5 (eff=5) steps=0 endDist=3
2026/09/10 17:13:03 [DAY 9] iter=1073 NEW BEST: matchTypes=0 todayTypes=4 stocks=5 (eff=5) steps=0 endDist=3
2026/09/10 17:13:03 [DAY 9] iter=1074 NEW BEST: matchTypes=0 todayTypes=4 stocks=5 (eff=5) steps=0 endDist=3
2026/09/10 17:13:03 [DAY 9] iter=1075 NEW BEST: matchTypes=0 todayTypes=4 stocks=5 (eff=5) steps=0 endDist=3
2026/09/10 17:13:03 [DAY 9] iter=1076 NEW BEST: matchTypes=0 todayTypes=4 stocks=5 (eff=5) steps=0 endDist=3
2026/09/10 17:13:03 [DAY 9] iter=1077 NEW BEST: matchTypes=0 todayTypes=4 stocks=5 (eff=5) steps=0 endDist=3
2026/09/10 17:13:03 [DAY 9] iter=1078 NEW BEST: matchTypes=0 todayTypes=4 stocks=5 (eff=5) steps=0 endDist=3
2026/09/10 17:13:03 [DAY 9] iter=1079 NEW BEST: matchTypes=0 todayTypes=4 stocks=5 (eff=5) steps=0 endDist=3
2026/09/10 17:13:03 [DAY 9] iter=1081 NEW BEST: matchTypes=0 todayTypes=4 stocks=5 (eff=5) steps=0 endDist=3
2026/09/10 17:13:03 [DAY 9] iter=1086 NEW BEST: matchTypes=0 todayTypes=4 stocks=5 (eff=5) steps=0 endDist=3
2026/09/10 17:13:03 [DAY 9] iter=1087 NEW BEST: matchTypes=0 todayTypes=4 stocks=5 (eff=5) steps=0 endDist=3
2026/09/10 17:13:03 [DAY 9] iter=1091 NEW BEST: matchTypes=0 todayTypes=4 stocks=5 (eff=5) steps=0 endDist=3
2026/09/10 17:13:03 [DAY 9] iter=1092 NEW BEST: matchTypes=0 todayTypes=4 stocks=5 (eff=5) steps=0 endDist=3
2026/09/10 17:13:03 [DAY 9] iter=1094 NEW BEST: matchTypes=0 todayTypes=4 stocks=5 (eff=5) steps=0 endDist=3
2026/09/10 17:13:03 [DAY 9] iter=1095 NEW BEST: matchTypes=0 todayTypes=4 stocks=5 (eff=5) steps=0 endDist=3
2026/09/10 17:13:03 [DAY 9] iter=1096 NEW BEST: matchTypes=0 todayTypes=4 stocks=5 (eff=5) steps=0 endDist=3
2026/09/10 17:13:03 [DAY 9] iter=1097 NEW BEST: matchTypes=0 todayTypes=4 stocks=5 (eff=5) steps=0 endDist=3
2026/09/10 17:13:03 [DAY 9] iter=1099 NEW BEST: matchTypes=0 todayTypes=4 stocks=5 (eff=5) steps=0 endDist=3
2026/09/10 17:13:03 [DAY 9] iter=1100 NEW BEST: matchTypes=0 todayTypes=4 stocks=5 (eff=5) steps=0 endDist=3
2026/09/10 17:13:03 [DAY 9] iter=1103 NEW BEST: matchTypes=0 todayTypes=4 stocks=5 (eff=5) steps=0 endDist=3
2026/09/10 17:13:03 [DAY 9] iter=1104 NEW BEST: matchTypes=0 todayTypes=4 stocks=5 (eff=5) steps=0 endDist=3
2026/09/10 17:13:03 [DAY 9] iter=1106 NEW BEST: matchTypes=0 todayTypes=4 stocks=5 (eff=5) steps=0 endDist=3
2026/09/10 17:13:03 [DAY 9] iter=1107 NEW BEST: matchTypes=0 todayTypes=4 stocks=5 (eff=5) steps=0 endDist=3
2026/09/10 17:13:03 [DAY 9] iter=1108 NEW BEST: matchTypes=0 todayTypes=4 stocks=5 (eff=5) steps=0 endDist=3
2026/09/10 17:13:03 [DAY 9] iter=1109 NEW BEST: matchTypes=0 todayTypes=4 stocks=5 (eff=5) steps=0 endDist=3
2026/09/10 17:13:03 [DAY 9] iter=1110 NEW BEST: matchTypes=0 todayTypes=4 stocks=5 (eff=5) steps=0 endDist=3
2026/09/10 17:13:03 [DAY 9] iter=1113 NEW BEST: matchTypes=0 todayTypes=4 stocks=5 (eff=5) steps=0 endDist=3
2026/09/10 17:13:03 [DAY 9] iter=1114 NEW BEST: matchTypes=0 todayTypes=4 stocks=5 (eff=5) steps=0 endDist=3
2026/09/10 17:13:03 [DAY 9] iter=1116 NEW BEST: matchTypes=0 todayTypes=4 stocks=5 (eff=5) steps=0 endDist=3
2026/09/10 17:13:03 [DAY 9] iter=1118 NEW BEST: matchTypes=0 todayTypes=4 stocks=5 (eff=5) steps=0 endDist=3
2026/09/10 17:13:03 [DAY 9] iter=1119 NEW BEST: matchTypes=0 todayTypes=4 stocks=5 (eff=5) steps=0 endDist=3
2026/09/10 17:13:03 [DAY 9] iter=1121 NEW BEST: matchTypes=0 todayTypes=4 stocks=5 (eff=5) steps=0 endDist=3
2026/09/10 17:13:03 [DAY 9] iter=1122 NEW BEST: matchTypes=0 todayTypes=4 stocks=5 (eff=5) steps=0 endDist=3
2026/09/10 17:13:03 [DAY 9] iter=1123 NEW BEST: matchTypes=0 todayTypes=4 stocks=5 (eff=5) steps=0 endDist=3
2026/09/10 17:13:03 [DAY 9] iter=1124 NEW BEST: matchTypes=0 todayTypes=4 stocks=5 (eff=5) steps=0 endDist=3
2026/09/10 17:13:03 [DAY 9] iter=1127 NEW BEST: matchTypes=0 todayTypes=4 stocks=5 (eff=5) steps=0 endDist=3
2026/09/10 17:13:03 [DAY 9] iter=1128 NEW BEST: matchTypes=0 todayTypes=4 stocks=5 (eff=5) steps=0 endDist=3
2026/09/10 17:13:03 [DAY 9] iter=1129 NEW BEST: matchTypes=0 todayTypes=4 stocks=5 (eff=5) steps=0 endDist=3
2026/09/10 17:13:03 [DAY 9] iter=1130 NEW BEST: matchTypes=0 todayTypes=4 stocks=5 (eff=5) steps=0 endDist=3
2026/09/10 17:13:03 [DAY 9] iter=1131 NEW BEST: matchTypes=0 todayTypes=4 stocks=5 (eff=5) steps=0 endDist=3
2026/09/10 17:13:03 [DAY 9] iter=1133 NEW BEST: matchTypes=0 todayTypes=4 stocks=5 (eff=5) steps=0 endDist=3
2026/09/10 17:13:03 [DAY 9] iter=1135 NEW BEST: matchTypes=0 todayTypes=4 stocks=5 (eff=5) steps=0 endDist=3
2026/09/10 17:13:03 [DAY 9] iter=1136 NEW BEST: matchTypes=0 todayTypes=4 stocks=5 (eff=5) steps=0 endDist=3
2026/09/10 17:13:03 [DAY 9] iter=1138 NEW BEST: matchTypes=0 todayTypes=4 stocks=5 (eff=5) steps=0 endDist=3
2026/09/10 17:13:03 [DAY 9] iter=1140 NEW BEST: matchTypes=0 todayTypes=4 stocks=5 (eff=5) steps=0 endDist=3
2026/09/10 17:13:03 [DAY 9] iter=1145 NEW BEST: matchTypes=0 todayTypes=4 stocks=5 (eff=5) steps=0 endDist=3
2026/09/10 17:13:03 [DAY 9] iter=1147 NEW BEST: matchTypes=0 todayTypes=4 stocks=5 (eff=5) steps=0 endDist=3
2026/09/10 17:13:03 [DAY 9] iter=1148 NEW BEST: matchTypes=0 todayTypes=4 stocks=5 (eff=5) steps=0 endDist=3
2026/09/10 17:13:03 [DAY 9] iter=1149 NEW BEST: matchTypes=0 todayTypes=4 stocks=5 (eff=5) steps=0 endDist=3
2026/09/10 17:13:03 [DAY 9] iter=1150 NEW BEST: matchTypes=0 todayTypes=4 stocks=5 (eff=5) steps=0 endDist=3
2026/09/10 17:13:03 [DAY 9] iter=1151 NEW BEST: matchTypes=0 todayTypes=4 stocks=5 (eff=5) steps=0 endDist=3
2026/09/10 17:13:03 [DAY 9] iter=1152 NEW BEST: matchTypes=0 todayTypes=4 stocks=5 (eff=5) steps=0 endDist=3
2026/09/10 17:13:03 [DAY 9] iter=1156 NEW BEST: matchTypes=0 todayTypes=4 stocks=5 (eff=5) steps=0 endDist=3
2026/09/10 17:13:03 [DAY 9] iter=1157 NEW BEST: matchTypes=0 todayTypes=4 stocks=5 (eff=5) steps=0 endDist=3
2026/09/10 17:13:03 [DAY 9] iter=1158 NEW BEST: matchTypes=0 todayTypes=4 stocks=5 (eff=5) steps=0 endDist=3
2026/09/10 17:13:03 [DAY 9] iter=1159 NEW BEST: matchTypes=0 todayTypes=4 stocks=5 (eff=5) steps=0 endDist=3
2026/09/10 17:13:03 [DAY 9] iter=1161 NEW BEST: matchTypes=0 todayTypes=4 stocks=5 (eff=5) steps=0 endDist=3
2026/09/10 17:13:03 [DAY 9] iter=1162 NEW BEST: matchTypes=0 todayTypes=4 stocks=5 (eff=5) steps=0 endDist=3
2026/09/10 17:13:03 [DAY 9] iter=1167 NEW BEST: matchTypes=0 todayTypes=4 stocks=5 (eff=5) steps=0 endDist=3
2026/09/10 17:13:03 [DAY 9] iter=1168 NEW BEST: matchTypes=0 todayTypes=4 stocks=5 (eff=5) steps=0 endDist=3
2026/09/10 17:13:03 [DAY 9] iter=1170 NEW BEST: matchTypes=0 todayTypes=4 stocks=5 (eff=5) steps=0 endDist=3
2026/09/10 17:13:03 [DAY 9] iter=1171 NEW BEST: matchTypes=0 todayTypes=4 stocks=5 (eff=5) steps=0 endDist=3
2026/09/10 17:13:03 [DAY 9] iter=1172 NEW BEST: matchTypes=0 todayTypes=4 stocks=5 (eff=5) steps=0 endDist=3
2026/09/10 17:13:03 [DAY 9] iter=1173 NEW BEST: matchTypes=0 todayTypes=4 stocks=5 (eff=5) steps=0 endDist=3
2026/09/10 17:13:03 [DAY 9] iter=1175 NEW BEST: matchTypes=0 todayTypes=4 stocks=5 (eff=5) steps=0 endDist=3
2026/09/10 17:13:03 [DAY 9] iter=1176 NEW BEST: matchTypes=0 todayTypes=4 stocks=5 (eff=5) steps=0 endDist=3
2026/09/10 17:13:03 [DAY 9] iter=1180 NEW BEST: matchTypes=0 todayTypes=4 stocks=5 (eff=5) steps=0 endDist=3
2026/09/10 17:13:03 [DAY 9] iter=1181 NEW BEST: matchTypes=0 todayTypes=4 stocks=5 (eff=5) steps=0 endDist=3
2026/09/10 17:13:03 [DAY 9] iter=1182 NEW BEST: matchTypes=0 todayTypes=4 stocks=5 (eff=5) steps=0 endDist=3
2026/09/10 17:13:03 [DAY 9] iter=1183 NEW BEST: matchTypes=0 todayTypes=4 stocks=5 (eff=5) steps=0 endDist=3
2026/09/10 17:13:03 [DAY 9] iter=1185 NEW BEST: matchTypes=0 todayTypes=4 stocks=5 (eff=5) steps=0 endDist=3
2026/09/10 17:13:03 [DAY 9] iter=1187 NEW BEST: matchTypes=0 todayTypes=4 stocks=5 (eff=5) steps=0 endDist=3
2026/09/10 17:13:03 [DAY 9] iter=1191 NEW BEST: matchTypes=0 todayTypes=4 stocks=5 (eff=5) steps=0 endDist=3
2026/09/10 17:13:03 [DAY 9] iter=1192 NEW BEST: matchTypes=0 todayTypes=4 stocks=5 (eff=5) steps=0 endDist=3
2026/09/10 17:13:03 [DAY 9] iter=1193 NEW BEST: matchTypes=0 todayTypes=4 stocks=5 (eff=5) steps=0 endDist=3
2026/09/10 17:13:03 [DAY 9] iter=1195 NEW BEST: matchTypes=0 todayTypes=4 stocks=5 (eff=5) steps=0 endDist=3
2026/09/10 17:13:03 [DAY 9] iter=1197 NEW BEST: matchTypes=0 todayTypes=4 stocks=5 (eff=5) steps=0 endDist=3
2026/09/10 17:13:03 [DAY 9] iter=1198 NEW BEST: matchTypes=0 todayTypes=4 stocks=5 (eff=5) steps=0 endDist=3
2026/09/10 17:13:03 [DAY 9] iter=1199 NEW BEST: matchTypes=0 todayTypes=4 stocks=5 (eff=5) steps=0 endDist=3
2026/09/10 17:13:03 [DAY 9] iter=1204 NEW BEST: matchTypes=0 todayTypes=4 stocks=5 (eff=5) steps=0 endDist=3
2026/09/10 17:13:03 [DAY 9] iter=1206 NEW BEST: matchTypes=0 todayTypes=4 stocks=5 (eff=5) steps=0 endDist=3
2026/09/10 17:13:03 [DAY 9] iter=1207 NEW BEST: matchTypes=0 todayTypes=4 stocks=5 (eff=5) steps=0 endDist=3
2026/09/10 17:13:03 [DAY 9] iter=1208 NEW BEST: matchTypes=0 todayTypes=4 stocks=5 (eff=5) steps=0 endDist=3
2026/09/10 17:13:03 [DAY 9] iter=1210 NEW BEST: matchTypes=0 todayTypes=4 stocks=5 (eff=5) steps=0 endDist=3
2026/09/10 17:13:03 [DAY 9] iter=1212 NEW BEST: matchTypes=0 todayTypes=4 stocks=5 (eff=5) steps=0 endDist=3
2026/09/10 17:13:03 [DAY 9] iter=1213 NEW BEST: matchTypes=0 todayTypes=4 stocks=5 (eff=5) steps=0 endDist=3
2026/09/10 17:13:03 [DAY 9] iter=1215 NEW BEST: matchTypes=0 todayTypes=4 stocks=5 (eff=5) steps=0 endDist=3
2026/09/10 17:13:03 [DAY 9] iter=1216 NEW BEST: matchTypes=0 todayTypes=4 stocks=5 (eff=5) steps=0 endDist=3
2026/09/10 17:13:03 [DAY 9] iter=1217 NEW BEST: matchTypes=0 todayTypes=4 stocks=5 (eff=5) steps=0 endDist=3
2026/09/10 17:13:03 [DAY 9] iter=1218 NEW BEST: matchTypes=0 todayTypes=4 stocks=5 (eff=5) steps=0 endDist=3
2026/09/10 17:13:03 [DAY 9] iter=1220 NEW BEST: matchTypes=0 todayTypes=4 stocks=5 (eff=5) steps=0 endDist=3
2026/09/10 17:13:03 [DAY 9] iter=1222 NEW BEST: matchTypes=0 todayTypes=4 stocks=5 (eff=5) steps=0 endDist=3
2026/09/10 17:13:03 [DAY 9] iter=1223 NEW BEST: matchTypes=0 todayTypes=4 stocks=5 (eff=5) steps=0 endDist=3
2026/09/10 17:13:03 [DAY 9] iter=1225 NEW BEST: matchTypes=0 todayTypes=4 stocks=5 (eff=5) steps=0 endDist=3
2026/09/10 17:13:03 [DAY 9] iter=1226 NEW BEST: matchTypes=0 todayTypes=4 stocks=5 (eff=5) steps=0 endDist=3
2026/09/10 17:13:03 [DAY 9] iter=1227 NEW BEST: matchTypes=0 todayTypes=4 stocks=5 (eff=5) steps=0 endDist=3
2026/09/10 17:13:03 [DAY 9] iter=1228 NEW BEST: matchTypes=0 todayTypes=4 stocks=5 (eff=5) steps=0 endDist=3
2026/09/10 17:13:03 [DAY 9] iter=1229 NEW BEST: matchTypes=0 todayTypes=4 stocks=5 (eff=5) steps=0 endDist=3
2026/09/10 17:13:03 [DAY 9] iter=1230 NEW BEST: matchTypes=0 todayTypes=4 stocks=5 (eff=5) steps=0 endDist=3
2026/09/10 17:13:03 [DAY 9] iter=1231 NEW BEST: matchTypes=0 todayTypes=4 stocks=5 (eff=5) steps=0 endDist=3
2026/09/10 17:13:03 [DAY 9] iter=1232 NEW BEST: matchTypes=0 todayTypes=4 stocks=5 (eff=5) steps=0 endDist=3
2026/09/10 17:13:03 [DAY 9] iter=1235 NEW BEST: matchTypes=0 todayTypes=4 stocks=5 (eff=5) steps=0 endDist=3
2026/09/10 17:13:03 [DAY 9] iter=1236 NEW BEST: matchTypes=0 todayTypes=4 stocks=5 (eff=5) steps=0 endDist=3
2026/09/10 17:13:03 [DAY 9] iter=1237 NEW BEST: matchTypes=0 todayTypes=4 stocks=5 (eff=5) steps=0 endDist=3
2026/09/10 17:13:03 [DAY 9] iter=1238 NEW BEST: matchTypes=0 todayTypes=4 stocks=5 (eff=5) steps=0 endDist=3
2026/09/10 17:13:03 [DAY 9] iter=1241 NEW BEST: matchTypes=0 todayTypes=4 stocks=5 (eff=5) steps=0 endDist=3
2026/09/10 17:13:03 [DAY 9] iter=1242 NEW BEST: matchTypes=0 todayTypes=4 stocks=5 (eff=5) steps=0 endDist=3
2026/09/10 17:13:03 [DAY 9] iter=1243 NEW BEST: matchTypes=0 todayTypes=4 stocks=5 (eff=5) steps=0 endDist=3
2026/09/10 17:13:03 [DAY 9] iter=1244 NEW BEST: matchTypes=0 todayTypes=4 stocks=5 (eff=5) steps=0 endDist=3
2026/09/10 17:13:03 [DAY 9] iter=1246 NEW BEST: matchTypes=0 todayTypes=4 stocks=5 (eff=5) steps=0 endDist=3
2026/09/10 17:13:03 [DAY 9] iter=1247 NEW BEST: matchTypes=0 todayTypes=4 stocks=5 (eff=5) steps=0 endDist=3
2026/09/10 17:13:03 [DAY 9] iter=1248 NEW BEST: matchTypes=0 todayTypes=4 stocks=5 (eff=5) steps=0 endDist=3
2026/09/10 17:13:03 [DAY 9] iter=1250 NEW BEST: matchTypes=0 todayTypes=4 stocks=5 (eff=5) steps=0 endDist=3
2026/09/10 17:13:03 [DAY 9] iter=1251 NEW BEST: matchTypes=0 todayTypes=4 stocks=5 (eff=5) steps=0 endDist=3
2026/09/10 17:13:03 [DAY 9] iter=1252 NEW BEST: matchTypes=0 todayTypes=4 stocks=5 (eff=5) steps=0 endDist=3
2026/09/10 17:13:03 [DAY 9] iter=1255 NEW BEST: matchTypes=0 todayTypes=4 stocks=5 (eff=5) steps=0 endDist=3
2026/09/10 17:13:03 [DAY 9] iter=1256 NEW BEST: matchTypes=0 todayTypes=4 stocks=5 (eff=5) steps=0 endDist=3
2026/09/10 17:13:03 [DAY 9] iter=1257 NEW BEST: matchTypes=0 todayTypes=4 stocks=5 (eff=5) steps=0 endDist=3
2026/09/10 17:13:03 [DAY 9] iter=1258 NEW BEST: matchTypes=0 todayTypes=4 stocks=5 (eff=5) steps=0 endDist=3
2026/09/10 17:13:03 [DAY 9] iter=1260 NEW BEST: matchTypes=0 todayTypes=4 stocks=5 (eff=5) steps=0 endDist=3
2026/09/10 17:13:03 [DAY 9] iter=1264 NEW BEST: matchTypes=0 todayTypes=4 stocks=5 (eff=5) steps=0 endDist=3
2026/09/10 17:13:03 [DAY 9] iter=1266 NEW BEST: matchTypes=0 todayTypes=4 stocks=5 (eff=5) steps=0 endDist=3
2026/09/10 17:13:03 [DAY 9] iter=1267 NEW BEST: matchTypes=0 todayTypes=4 stocks=5 (eff=5) steps=0 endDist=3
2026/09/10 17:13:03 [DAY 9] iter=1268 NEW BEST: matchTypes=0 todayTypes=4 stocks=5 (eff=5) steps=0 endDist=3
2026/09/10 17:13:03 [DAY 9] iter=1269 NEW BEST: matchTypes=0 todayTypes=4 stocks=5 (eff=5) steps=0 endDist=3
2026/09/10 17:13:03 [DAY 9] iter=1270 NEW BEST: matchTypes=0 todayTypes=4 stocks=5 (eff=5) steps=0 endDist=3
2026/09/10 17:13:03 [DAY 9] iter=1272 NEW BEST: matchTypes=0 todayTypes=4 stocks=5 (eff=5) steps=0 endDist=3
2026/09/10 17:13:03 [DAY 9] iter=1274 NEW BEST: matchTypes=0 todayTypes=4 stocks=5 (eff=5) steps=0 endDist=3
2026/09/10 17:13:03 [DAY 9] iter=1275 NEW BEST: matchTypes=0 todayTypes=4 stocks=5 (eff=5) steps=0 endDist=3
2026/09/10 17:13:03 [DAY 9] iter=1276 NEW BEST: matchTypes=0 todayTypes=4 stocks=5 (eff=5) steps=0 endDist=3
2026/09/10 17:13:03 [DAY 9] iter=1277 NEW BEST: matchTypes=0 todayTypes=4 stocks=5 (eff=5) steps=0 endDist=3
2026/09/10 17:13:03 [DAY 9] iter=1278 NEW BEST: matchTypes=0 todayTypes=4 stocks=5 (eff=5) steps=0 endDist=3
2026/09/10 17:13:03 [DAY 9] iter=1279 NEW BEST: matchTypes=0 todayTypes=4 stocks=5 (eff=5) steps=0 endDist=3
2026/09/10 17:13:03 [DAY 9] iter=1281 NEW BEST: matchTypes=0 todayTypes=4 stocks=5 (eff=5) steps=0 endDist=3
2026/09/10 17:13:03 [DAY 9] iter=1282 NEW BEST: matchTypes=0 todayTypes=4 stocks=5 (eff=5) steps=0 endDist=3
2026/09/10 17:13:03 [DAY 9] iter=1283 NEW BEST: matchTypes=0 todayTypes=4 stocks=5 (eff=5) steps=0 endDist=3
2026/09/10 17:13:03 [DAY 9] iter=1284 NEW BEST: matchTypes=0 todayTypes=4 stocks=5 (eff=5) steps=0 endDist=3
2026/09/10 17:13:03 [DAY 9] iter=1287 NEW BEST: matchTypes=0 todayTypes=4 stocks=5 (eff=5) steps=0 endDist=3
2026/09/10 17:13:03 [DAY 9] iter=1288 NEW BEST: matchTypes=0 todayTypes=4 stocks=5 (eff=5) steps=0 endDist=3
2026/09/10 17:13:03 [DAY 9] iter=1289 NEW BEST: matchTypes=0 todayTypes=4 stocks=5 (eff=5) steps=0 endDist=3
2026/09/10 17:13:03 [DAY 9] iter=1290 NEW BEST: matchTypes=0 todayTypes=4 stocks=5 (eff=5) steps=0 endDist=3
2026/09/10 17:13:03 [DAY 9] iter=1291 NEW BEST: matchTypes=0 todayTypes=4 stocks=5 (eff=5) steps=0 endDist=3
2026/09/10 17:13:03 [DAY 9] iter=1292 NEW BEST: matchTypes=0 todayTypes=4 stocks=5 (eff=5) steps=0 endDist=3
2026/09/10 17:13:03 [DAY 9] iter=1294 NEW BEST: matchTypes=0 todayTypes=4 stocks=5 (eff=5) steps=0 endDist=3
2026/09/10 17:13:03 [DAY 9] iter=1296 NEW BEST: matchTypes=0 todayTypes=4 stocks=5 (eff=5) steps=0 endDist=3
2026/09/10 17:13:03 [DAY 9] iter=1299 NEW BEST: matchTypes=0 todayTypes=4 stocks=5 (eff=5) steps=0 endDist=3
2026/09/10 17:13:03 [DAY 9] iter=1300 NEW BEST: matchTypes=0 todayTypes=4 stocks=5 (eff=5) steps=0 endDist=3
2026/09/10 17:13:03 [DAY 9] iter=1301 NEW BEST: matchTypes=0 todayTypes=4 stocks=5 (eff=5) steps=0 endDist=3
2026/09/10 17:13:03 [DAY 9] iter=1302 NEW BEST: matchTypes=0 todayTypes=4 stocks=5 (eff=5) steps=0 endDist=3
2026/09/10 17:13:03 [DAY 9] iter=1303 NEW BEST: matchTypes=0 todayTypes=4 stocks=5 (eff=5) steps=0 endDist=3
2026/09/10 17:13:03 [DAY 9] iter=1305 NEW BEST: matchTypes=0 todayTypes=4 stocks=5 (eff=5) steps=0 endDist=3
2026/09/10 17:13:03 [DAY 9] iter=1307 NEW BEST: matchTypes=0 todayTypes=4 stocks=5 (eff=5) steps=0 endDist=3
2026/09/10 17:13:03 [DAY 9] iter=1311 NEW BEST: matchTypes=0 todayTypes=4 stocks=5 (eff=5) steps=0 endDist=3
2026/09/10 17:13:03 [DAY 9] iter=1313 NEW BEST: matchTypes=0 todayTypes=4 stocks=5 (eff=5) steps=0 endDist=3
2026/09/10 17:13:03 [DAY 9] iter=1314 NEW BEST: matchTypes=0 todayTypes=4 stocks=5 (eff=5) steps=0 endDist=3
2026/09/10 17:13:03 [DAY 9] iter=1317 NEW BEST: matchTypes=0 todayTypes=4 stocks=5 (eff=5) steps=0 endDist=3
2026/09/10 17:13:03 [DAY 9] iter=1318 NEW BEST: matchTypes=0 todayTypes=4 stocks=5 (eff=5) steps=0 endDist=3
2026/09/10 17:13:03 [DAY 9] iter=1319 NEW BEST: matchTypes=0 todayTypes=4 stocks=5 (eff=5) steps=0 endDist=3
2026/09/10 17:13:03 [DAY 9] iter=1321 NEW BEST: matchTypes=0 todayTypes=4 stocks=5 (eff=5) steps=0 endDist=3
2026/09/10 17:13:03 [DAY 9] iter=1322 NEW BEST: matchTypes=0 todayTypes=4 stocks=5 (eff=5) steps=0 endDist=3
2026/09/10 17:13:03 [DAY 9] iter=1323 NEW BEST: matchTypes=0 todayTypes=4 stocks=5 (eff=5) steps=0 endDist=3
2026/09/10 17:13:03 [DAY 9] iter=1325 NEW BEST: matchTypes=0 todayTypes=4 stocks=5 (eff=5) steps=0 endDist=3
2026/09/10 17:13:03 [DAY 9] iter=1326 NEW BEST: matchTypes=0 todayTypes=4 stocks=5 (eff=5) steps=0 endDist=3
2026/09/10 17:13:03 [DAY 9] iter=1327 NEW BEST: matchTypes=0 todayTypes=4 stocks=5 (eff=5) steps=0 endDist=3
2026/09/10 17:13:03 [DAY 9] iter=1332 NEW BEST: matchTypes=0 todayTypes=4 stocks=5 (eff=5) steps=0 endDist=3
2026/09/10 17:13:03 [DAY 9] iter=1333 NEW BEST: matchTypes=0 todayTypes=4 stocks=5 (eff=5) steps=0 endDist=3
2026/09/10 17:13:03 [DAY 9] iter=1335 NEW BEST: matchTypes=0 todayTypes=4 stocks=5 (eff=5) steps=0 endDist=3
2026/09/10 17:13:03 [DAY 9] iter=1336 NEW BEST: matchTypes=0 todayTypes=4 stocks=5 (eff=5) steps=0 endDist=3
2026/09/10 17:13:03 [DAY 9] iter=1337 NEW BEST: matchTypes=0 todayTypes=4 stocks=5 (eff=5) steps=0 endDist=3
2026/09/10 17:13:03 [DAY 9] iter=1341 NEW BEST: matchTypes=0 todayTypes=4 stocks=5 (eff=5) steps=0 endDist=3
2026/09/10 17:13:03 [DAY 9] iter=1342 NEW BEST: matchTypes=0 todayTypes=4 stocks=5 (eff=5) steps=0 endDist=3
2026/09/10 17:13:03 [DAY 9] iter=1343 NEW BEST: matchTypes=0 todayTypes=4 stocks=5 (eff=5) steps=0 endDist=3
2026/09/10 17:13:03 [DAY 9] iter=1345 NEW BEST: matchTypes=0 todayTypes=4 stocks=5 (eff=5) steps=0 endDist=3
2026/09/10 17:13:03 [DAY 9] iter=1349 NEW BEST: matchTypes=0 todayTypes=4 stocks=5 (eff=5) steps=0 endDist=3
2026/09/10 17:13:03 [DAY 9] iter=1350 NEW BEST: matchTypes=0 todayTypes=4 stocks=5 (eff=5) steps=0 endDist=3
2026/09/10 17:13:03 [DAY 9] iter=1351 NEW BEST: matchTypes=0 todayTypes=4 stocks=5 (eff=5) steps=0 endDist=3
2026/09/10 17:13:03 [DAY 9] iter=1352 NEW BEST: matchTypes=0 todayTypes=4 stocks=5 (eff=5) steps=0 endDist=3
2026/09/10 17:13:03 [DAY 9] iter=1354 NEW BEST: matchTypes=0 todayTypes=4 stocks=5 (eff=5) steps=0 endDist=3
2026/09/10 17:13:03 [DAY 9] iter=1357 NEW BEST: matchTypes=0 todayTypes=4 stocks=5 (eff=5) steps=0 endDist=3
2026/09/10 17:13:03 [DAY 9] iter=1358 NEW BEST: matchTypes=0 todayTypes=4 stocks=5 (eff=5) steps=0 endDist=3
2026/09/10 17:13:03 [DAY 9] iter=1360 NEW BEST: matchTypes=0 todayTypes=4 stocks=5 (eff=5) steps=0 endDist=3
2026/09/10 17:13:03 [DAY 9] iter=1363 NEW BEST: matchTypes=0 todayTypes=4 stocks=5 (eff=5) steps=0 endDist=3
2026/09/10 17:13:03 [DAY 9] iter=1364 NEW BEST: matchTypes=0 todayTypes=4 stocks=5 (eff=5) steps=0 endDist=3
2026/09/10 17:13:03 [DAY 9] iter=1366 NEW BEST: matchTypes=0 todayTypes=4 stocks=5 (eff=5) steps=0 endDist=3
2026/09/10 17:13:03 [DAY 9] iter=1367 NEW BEST: matchTypes=0 todayTypes=4 stocks=5 (eff=5) steps=0 endDist=3
2026/09/10 17:13:03 [DAY 9] iter=1368 NEW BEST: matchTypes=0 todayTypes=4 stocks=5 (eff=5) steps=0 endDist=3
2026/09/10 17:13:03 [DAY 9] iter=1372 NEW BEST: matchTypes=0 todayTypes=4 stocks=5 (eff=5) steps=0 endDist=3
2026/09/10 17:13:03 [DAY 9] iter=1373 NEW BEST: matchTypes=0 todayTypes=4 stocks=5 (eff=5) steps=0 endDist=3
2026/09/10 17:13:03 [DAY 9] iter=1374 NEW BEST: matchTypes=0 todayTypes=4 stocks=5 (eff=5) steps=0 endDist=3
2026/09/10 17:13:03 [DAY 9] iter=1376 NEW BEST: matchTypes=0 todayTypes=4 stocks=5 (eff=5) steps=0 endDist=3
2026/09/10 17:13:03 [DAY 9] iter=1377 NEW BEST: matchTypes=0 todayTypes=4 stocks=5 (eff=5) steps=0 endDist=3
2026/09/10 17:13:03 [DAY 9] iter=1380 NEW BEST: matchTypes=0 todayTypes=4 stocks=5 (eff=5) steps=0 endDist=3
2026/09/10 17:13:03 [DAY 9] iter=1381 NEW BEST: matchTypes=0 todayTypes=4 stocks=5 (eff=5) steps=0 endDist=3
2026/09/10 17:13:03 [DAY 9] iter=1382 NEW BEST: matchTypes=0 todayTypes=4 stocks=5 (eff=5) steps=0 endDist=3
2026/09/10 17:13:03 [DAY 9] iter=1383 NEW BEST: matchTypes=0 todayTypes=4 stocks=5 (eff=5) steps=0 endDist=3
2026/09/10 17:13:03 [DAY 9] iter=1387 NEW BEST: matchTypes=0 todayTypes=4 stocks=5 (eff=5) steps=0 endDist=3
2026/09/10 17:13:03 [DAY 9] iter=1388 NEW BEST: matchTypes=0 todayTypes=4 stocks=5 (eff=5) steps=0 endDist=3
2026/09/10 17:13:03 [DAY 9] iter=1389 NEW BEST: matchTypes=0 todayTypes=4 stocks=5 (eff=5) steps=0 endDist=3
2026/09/10 17:13:03 [DAY 9] iter=1390 NEW BEST: matchTypes=0 todayTypes=4 stocks=5 (eff=5) steps=0 endDist=3
2026/09/10 17:13:03 [DAY 9] iter=1392 NEW BEST: matchTypes=0 todayTypes=4 stocks=5 (eff=5) steps=0 endDist=3
2026/09/10 17:13:03 [DAY 9] iter=1393 NEW BEST: matchTypes=0 todayTypes=4 stocks=5 (eff=5) steps=0 endDist=3
2026/09/10 17:13:03 [DAY 9] iter=1394 NEW BEST: matchTypes=0 todayTypes=4 stocks=5 (eff=5) steps=0 endDist=3
2026/09/10 17:13:03 [DAY 9] iter=1396 NEW BEST: matchTypes=0 todayTypes=4 stocks=5 (eff=5) steps=0 endDist=3
2026/09/10 17:13:03 [DAY 9] iter=1398 NEW BEST: matchTypes=0 todayTypes=4 stocks=5 (eff=5) steps=0 endDist=3
2026/09/10 17:13:03 [DAY 9] iter=1399 NEW BEST: matchTypes=0 todayTypes=4 stocks=5 (eff=5) steps=0 endDist=3
2026/09/10 17:13:03 [DAY 9] iter=1400 NEW BEST: matchTypes=0 todayTypes=4 stocks=5 (eff=5) steps=0 endDist=3
2026/09/10 17:13:03 [DAY 9] iter=1401 NEW BEST: matchTypes=0 todayTypes=4 stocks=5 (eff=5) steps=0 endDist=3
2026/09/10 17:13:03 [DAY 9] iter=1402 NEW BEST: matchTypes=0 todayTypes=4 stocks=5 (eff=5) steps=0 endDist=3
2026/09/10 17:13:03 [DAY 9] iter=1403 NEW BEST: matchTypes=0 todayTypes=4 stocks=5 (eff=5) steps=0 endDist=3
2026/09/10 17:13:03 [DAY 9] iter=1408 NEW BEST: matchTypes=0 todayTypes=4 stocks=5 (eff=5) steps=0 endDist=3
2026/09/10 17:13:03 [DAY 9] iter=1411 NEW BEST: matchTypes=0 todayTypes=4 stocks=5 (eff=5) steps=0 endDist=3
2026/09/10 17:13:03 [DAY 9] iter=1414 NEW BEST: matchTypes=0 todayTypes=4 stocks=5 (eff=5) steps=0 endDist=3
2026/09/10 17:13:03 [DAY 9] iter=1415 NEW BEST: matchTypes=0 todayTypes=4 stocks=5 (eff=5) steps=0 endDist=3
2026/09/10 17:13:03 [DAY 9] iter=1416 NEW BEST: matchTypes=0 todayTypes=4 stocks=5 (eff=5) steps=0 endDist=3
2026/09/10 17:13:03 [DAY 9] iter=1418 NEW BEST: matchTypes=0 todayTypes=4 stocks=5 (eff=5) steps=0 endDist=3
2026/09/10 17:13:03 [DAY 9] iter=1419 NEW BEST: matchTypes=0 todayTypes=4 stocks=5 (eff=5) steps=0 endDist=3
2026/09/10 17:13:03 [DAY 9] iter=1420 NEW BEST: matchTypes=0 todayTypes=4 stocks=5 (eff=5) steps=0 endDist=3
2026/09/10 17:13:03 [DAY 9] iter=1422 NEW BEST: matchTypes=0 todayTypes=4 stocks=5 (eff=5) steps=0 endDist=3
2026/09/10 17:13:03 [DAY 9] iter=1423 NEW BEST: matchTypes=0 todayTypes=4 stocks=5 (eff=5) steps=0 endDist=3
2026/09/10 17:13:03 [DAY 9] iter=1424 NEW BEST: matchTypes=0 todayTypes=4 stocks=5 (eff=5) steps=0 endDist=3
2026/09/10 17:13:03 [DAY 9] iter=1425 NEW BEST: matchTypes=0 todayTypes=4 stocks=5 (eff=5) steps=0 endDist=3
2026/09/10 17:13:03 [DAY 9] iter=1427 NEW BEST: matchTypes=0 todayTypes=4 stocks=5 (eff=5) steps=0 endDist=3
2026/09/10 17:13:03 [DAY 9] iter=1429 NEW BEST: matchTypes=0 todayTypes=4 stocks=5 (eff=5) steps=0 endDist=3
2026/09/10 17:13:03 [DAY 9] iter=1435 NEW BEST: matchTypes=0 todayTypes=4 stocks=5 (eff=5) steps=0 endDist=3
2026/09/10 17:13:03 [DAY 9] iter=1437 NEW BEST: matchTypes=0 todayTypes=4 stocks=5 (eff=5) steps=0 endDist=3
2026/09/10 17:13:03 [DAY 9] iter=1438 NEW BEST: matchTypes=0 todayTypes=4 stocks=5 (eff=5) steps=0 endDist=3
2026/09/10 17:13:03 [DAY 9] iter=1439 NEW BEST: matchTypes=0 todayTypes=4 stocks=5 (eff=5) steps=0 endDist=3
2026/09/10 17:13:03 [DAY 9] iter=1441 NEW BEST: matchTypes=0 todayTypes=4 stocks=5 (eff=5) steps=0 endDist=3
2026/09/10 17:13:03 [DAY 9] iter=1442 NEW BEST: matchTypes=0 todayTypes=4 stocks=5 (eff=5) steps=0 endDist=3
2026/09/10 17:13:03 [DAY 9] iter=1443 NEW BEST: matchTypes=0 todayTypes=4 stocks=5 (eff=5) steps=0 endDist=3
2026/09/10 17:13:03 [DAY 9] iter=1444 NEW BEST: matchTypes=0 todayTypes=4 stocks=5 (eff=5) steps=0 endDist=3
2026/09/10 17:13:03 [DAY 9] iter=1445 NEW BEST: matchTypes=0 todayTypes=4 stocks=5 (eff=5) steps=0 endDist=3
2026/09/10 17:13:03 [DAY 9] iter=1446 NEW BEST: matchTypes=0 todayTypes=4 stocks=5 (eff=5) steps=0 endDist=3
2026/09/10 17:13:03 [DAY 9] iter=1448 NEW BEST: matchTypes=0 todayTypes=4 stocks=5 (eff=5) steps=0 endDist=3
2026/09/10 17:13:03 [DAY 9] iter=1449 NEW BEST: matchTypes=0 todayTypes=4 stocks=5 (eff=5) steps=0 endDist=3
2026/09/10 17:13:03 [DAY 9] iter=1451 NEW BEST: matchTypes=0 todayTypes=4 stocks=5 (eff=5) steps=0 endDist=3
2026/09/10 17:13:03 [DAY 9] iter=1454 NEW BEST: matchTypes=0 todayTypes=4 stocks=5 (eff=5) steps=0 endDist=3
2026/09/10 17:13:03 [DAY 9] iter=1458 NEW BEST: matchTypes=0 todayTypes=4 stocks=5 (eff=5) steps=0 endDist=3
2026/09/10 17:13:03 [DAY 9] iter=1460 NEW BEST: matchTypes=0 todayTypes=4 stocks=5 (eff=5) steps=0 endDist=3
2026/09/10 17:13:03 [DAY 9] iter=1461 NEW BEST: matchTypes=0 todayTypes=4 stocks=5 (eff=5) steps=0 endDist=3
2026/09/10 17:13:03 [DAY 9] iter=1462 NEW BEST: matchTypes=0 todayTypes=4 stocks=5 (eff=5) steps=0 endDist=3
2026/09/10 17:13:03 [DAY 9] iter=1465 NEW BEST: matchTypes=0 todayTypes=4 stocks=5 (eff=5) steps=0 endDist=3
2026/09/10 17:13:03 [DAY 9] iter=1469 NEW BEST: matchTypes=0 todayTypes=4 stocks=5 (eff=5) steps=0 endDist=3
2026/09/10 17:13:03 [DAY 9] iter=1471 NEW BEST: matchTypes=0 todayTypes=4 stocks=5 (eff=5) steps=0 endDist=3
2026/09/10 17:13:03 [DAY 9] iter=1473 NEW BEST: matchTypes=0 todayTypes=4 stocks=5 (eff=5) steps=0 endDist=3
2026/09/10 17:13:03 [DAY 9] iter=1474 NEW BEST: matchTypes=0 todayTypes=4 stocks=5 (eff=5) steps=0 endDist=3
2026/09/10 17:13:03 [DAY 9] iter=1475 NEW BEST: matchTypes=0 todayTypes=4 stocks=5 (eff=5) steps=0 endDist=3
2026/09/10 17:13:03 [DAY 9] iter=1478 NEW BEST: matchTypes=0 todayTypes=4 stocks=5 (eff=5) steps=0 endDist=3
2026/09/10 17:13:03 [DAY 9] iter=1479 NEW BEST: matchTypes=0 todayTypes=4 stocks=5 (eff=5) steps=0 endDist=3
2026/09/10 17:13:03 [DAY 9] iter=1480 NEW BEST: matchTypes=0 todayTypes=4 stocks=5 (eff=5) steps=0 endDist=3
2026/09/10 17:13:03 [DAY 9] iter=1481 NEW BEST: matchTypes=0 todayTypes=4 stocks=5 (eff=5) steps=0 endDist=3
2026/09/10 17:13:03 [DAY 9] iter=1486 NEW BEST: matchTypes=0 todayTypes=4 stocks=5 (eff=5) steps=0 endDist=3
2026/09/10 17:13:03 [DAY 9] iter=1487 NEW BEST: matchTypes=0 todayTypes=4 stocks=5 (eff=5) steps=0 endDist=3
2026/09/10 17:13:03 [DAY 9] iter=1489 NEW BEST: matchTypes=0 todayTypes=4 stocks=5 (eff=5) steps=0 endDist=3
2026/09/10 17:13:03 [DAY 9] iter=1490 NEW BEST: matchTypes=0 todayTypes=4 stocks=5 (eff=5) steps=0 endDist=3
2026/09/10 17:13:03 [DAY 9] iter=1491 NEW BEST: matchTypes=0 todayTypes=4 stocks=5 (eff=5) steps=0 endDist=3
2026/09/10 17:13:03 [DAY 9] iter=1493 NEW BEST: matchTypes=0 todayTypes=4 stocks=5 (eff=5) steps=0 endDist=3
2026/09/10 17:13:03 [DAY 9] iter=1494 NEW BEST: matchTypes=0 todayTypes=4 stocks=5 (eff=5) steps=0 endDist=3
2026/09/10 17:13:03 [DAY 9] iter=1495 NEW BEST: matchTypes=0 todayTypes=4 stocks=5 (eff=5) steps=0 endDist=3
2026/09/10 17:13:03 [DAY 9] iter=1496 NEW BEST: matchTypes=0 todayTypes=4 stocks=5 (eff=5) steps=0 endDist=3
2026/09/10 17:13:03 [DAY 9] iter=1497 NEW BEST: matchTypes=0 todayTypes=4 stocks=5 (eff=5) steps=0 endDist=3
2026/09/10 17:13:03 [DAY 9] iter=1498 NEW BEST: matchTypes=0 todayTypes=4 stocks=5 (eff=5) steps=0 endDist=3
2026/09/10 17:13:03 [DAY 9] iter=1499 NEW BEST: matchTypes=0 todayTypes=4 stocks=5 (eff=5) steps=0 endDist=3
2026/09/10 17:13:03 [DAY 9] iter=1500 NEW BEST: matchTypes=0 todayTypes=4 stocks=5 (eff=5) steps=0 endDist=3
2026/09/10 17:13:03 [DAY 9] iter=1502 NEW BEST: matchTypes=0 todayTypes=4 stocks=5 (eff=5) steps=0 endDist=3
2026/09/10 17:13:03 [DAY 9] iter=1504 NEW BEST: matchTypes=0 todayTypes=4 stocks=5 (eff=5) steps=0 endDist=3
2026/09/10 17:13:03 [DAY 9] iter=1508 NEW BEST: matchTypes=0 todayTypes=4 stocks=5 (eff=5) steps=0 endDist=3
2026/09/10 17:13:03 [DAY 9] iter=1509 NEW BEST: matchTypes=0 todayTypes=4 stocks=5 (eff=5) steps=0 endDist=3
2026/09/10 17:13:03 [DAY 9] iter=1510 NEW BEST: matchTypes=0 todayTypes=4 stocks=5 (eff=5) steps=0 endDist=3
2026/09/10 17:13:03 [DAY 9] iter=1511 NEW BEST: matchTypes=0 todayTypes=4 stocks=5 (eff=5) steps=0 endDist=3
2026/09/10 17:13:03 [DAY 9] iter=1512 NEW BEST: matchTypes=0 todayTypes=4 stocks=5 (eff=5) steps=0 endDist=3
2026/09/10 17:13:03 [DAY 9] iter=1514 NEW BEST: matchTypes=0 todayTypes=4 stocks=5 (eff=5) steps=0 endDist=3
2026/09/10 17:13:03 [DAY 9] iter=1515 NEW BEST: matchTypes=0 todayTypes=4 stocks=5 (eff=5) steps=0 endDist=3
2026/09/10 17:13:03 [DAY 9] iter=1518 NEW BEST: matchTypes=0 todayTypes=4 stocks=5 (eff=5) steps=0 endDist=3
2026/09/10 17:13:03 [DAY 9] iter=1522 NEW BEST: matchTypes=0 todayTypes=4 stocks=5 (eff=5) steps=0 endDist=3
2026/09/10 17:13:03 [DAY 9] iter=1523 NEW BEST: matchTypes=0 todayTypes=4 stocks=5 (eff=5) steps=0 endDist=3
2026/09/10 17:13:03 [DAY 9] iter=1524 NEW BEST: matchTypes=0 todayTypes=4 stocks=5 (eff=5) steps=0 endDist=3
2026/09/10 17:13:03 [DAY 9] iter=1527 NEW BEST: matchTypes=0 todayTypes=4 stocks=5 (eff=5) steps=0 endDist=3
2026/09/10 17:13:03 [DAY 9] iter=1528 NEW BEST: matchTypes=0 todayTypes=4 stocks=5 (eff=5) steps=0 endDist=3
2026/09/10 17:13:03 [DAY 9] iter=1529 NEW BEST: matchTypes=0 todayTypes=4 stocks=5 (eff=5) steps=0 endDist=3
2026/09/10 17:13:03 [DAY 9] iter=1530 NEW BEST: matchTypes=0 todayTypes=4 stocks=5 (eff=5) steps=0 endDist=3
2026/09/10 17:13:03 [DAY 9] iter=1531 NEW BEST: matchTypes=0 todayTypes=4 stocks=5 (eff=5) steps=0 endDist=3
2026/09/10 17:13:03 [DAY 9] iter=1533 NEW BEST: matchTypes=0 todayTypes=4 stocks=5 (eff=5) steps=0 endDist=3
2026/09/10 17:13:03 [DAY 9] iter=1535 NEW BEST: matchTypes=0 todayTypes=4 stocks=5 (eff=5) steps=0 endDist=3
2026/09/10 17:13:03 [DAY 9] iter=1538 NEW BEST: matchTypes=0 todayTypes=4 stocks=5 (eff=5) steps=0 endDist=3
2026/09/10 17:13:03 [DAY 9] iter=1539 NEW BEST: matchTypes=0 todayTypes=4 stocks=5 (eff=5) steps=0 endDist=3
2026/09/10 17:13:03 [DAY 9] iter=1541 NEW BEST: matchTypes=0 todayTypes=4 stocks=5 (eff=5) steps=0 endDist=3
2026/09/10 17:13:03 [DAY 9] iter=1542 NEW BEST: matchTypes=0 todayTypes=4 stocks=5 (eff=5) steps=0 endDist=3
2026/09/10 17:13:03 [DAY 9] iter=1544 NEW BEST: matchTypes=0 todayTypes=4 stocks=5 (eff=5) steps=0 endDist=3
2026/09/10 17:13:03 [DAY 9] iter=1545 NEW BEST: matchTypes=0 todayTypes=4 stocks=5 (eff=5) steps=0 endDist=3
2026/09/10 17:13:03 [DAY 9] iter=1547 NEW BEST: matchTypes=0 todayTypes=4 stocks=5 (eff=5) steps=0 endDist=3
2026/09/10 17:13:03 [DAY 9] iter=1548 NEW BEST: matchTypes=0 todayTypes=4 stocks=5 (eff=5) steps=0 endDist=3
2026/09/10 17:13:03 [DAY 9] iter=1549 NEW BEST: matchTypes=0 todayTypes=4 stocks=5 (eff=5) steps=0 endDist=3
2026/09/10 17:13:03 [DAY 9] iter=1550 NEW BEST: matchTypes=0 todayTypes=4 stocks=5 (eff=5) steps=0 endDist=3
2026/09/10 17:13:03 [DAY 9] iter=1551 NEW BEST: matchTypes=0 todayTypes=4 stocks=5 (eff=5) steps=0 endDist=3
2026/09/10 17:13:03 [DAY 9] iter=1553 NEW BEST: matchTypes=0 todayTypes=4 stocks=5 (eff=5) steps=0 endDist=3
2026/09/10 17:13:03 [DAY 9] iter=1554 NEW BEST: matchTypes=0 todayTypes=4 stocks=5 (eff=5) steps=0 endDist=3
2026/09/10 17:13:03 [DAY 9] iter=1555 NEW BEST: matchTypes=0 todayTypes=4 stocks=5 (eff=5) steps=0 endDist=3
2026/09/10 17:13:03 [DAY 9] iter=1557 NEW BEST: matchTypes=0 todayTypes=4 stocks=5 (eff=5) steps=0 endDist=3
2026/09/10 17:13:03 [DAY 9] iter=1562 NEW BEST: matchTypes=0 todayTypes=4 stocks=5 (eff=5) steps=0 endDist=3
2026/09/10 17:13:03 [DAY 9] iter=1563 NEW BEST: matchTypes=0 todayTypes=4 stocks=5 (eff=5) steps=0 endDist=3
2026/09/10 17:13:03 [DAY 9] iter=1564 NEW BEST: matchTypes=0 todayTypes=4 stocks=5 (eff=5) steps=0 endDist=3
2026/09/10 17:13:03 [DAY 9] iter=1565 NEW BEST: matchTypes=0 todayTypes=4 stocks=5 (eff=5) steps=0 endDist=3
2026/09/10 17:13:03 [DAY 9] iter=1567 NEW BEST: matchTypes=0 todayTypes=4 stocks=5 (eff=5) steps=0 endDist=3
2026/09/10 17:13:03 [DAY 9] iter=1570 NEW BEST: matchTypes=0 todayTypes=4 stocks=5 (eff=5) steps=0 endDist=3
2026/09/10 17:13:03 [DAY 9] iter=1573 NEW BEST: matchTypes=0 todayTypes=4 stocks=5 (eff=5) steps=0 endDist=3
2026/09/10 17:13:03 [DAY 9] iter=1574 NEW BEST: matchTypes=0 todayTypes=4 stocks=5 (eff=5) steps=0 endDist=3
2026/09/10 17:13:03 [DAY 9] iter=1575 NEW BEST: matchTypes=0 todayTypes=4 stocks=5 (eff=5) steps=0 endDist=3
2026/09/10 17:13:03 [DAY 9] iter=1577 NEW BEST: matchTypes=0 todayTypes=4 stocks=5 (eff=5) steps=0 endDist=3
2026/09/10 17:13:03 [DAY 9] iter=1578 NEW BEST: matchTypes=0 todayTypes=4 stocks=5 (eff=5) steps=0 endDist=3
2026/09/10 17:13:03 [DAY 9] iter=1582 NEW BEST: matchTypes=0 todayTypes=4 stocks=5 (eff=5) steps=0 endDist=3
2026/09/10 17:13:03 [DAY 9] iter=1583 NEW BEST: matchTypes=0 todayTypes=4 stocks=5 (eff=5) steps=0 endDist=3
2026/09/10 17:13:03 [DAY 9] iter=1584 NEW BEST: matchTypes=0 todayTypes=4 stocks=5 (eff=5) steps=0 endDist=3
2026/09/10 17:13:03 [DAY 9] iter=1585 NEW BEST: matchTypes=0 todayTypes=4 stocks=5 (eff=5) steps=0 endDist=3
2026/09/10 17:13:03 [DAY 9] iter=1586 NEW BEST: matchTypes=0 todayTypes=4 stocks=5 (eff=5) steps=0 endDist=3
2026/09/10 17:13:03 [DAY 9] iter=1588 NEW BEST: matchTypes=0 todayTypes=4 stocks=5 (eff=5) steps=0 endDist=3
2026/09/10 17:13:03 [DAY 9] iter=1589 NEW BEST: matchTypes=0 todayTypes=4 stocks=5 (eff=5) steps=0 endDist=3
2026/09/10 17:13:03 [DAY 9] iter=1590 NEW BEST: matchTypes=0 todayTypes=4 stocks=5 (eff=5) steps=0 endDist=3
2026/09/10 17:13:03 [DAY 9] iter=1591 NEW BEST: matchTypes=0 todayTypes=4 stocks=5 (eff=5) steps=0 endDist=3
2026/09/10 17:13:03 [DAY 9] iter=1593 NEW BEST: matchTypes=0 todayTypes=4 stocks=5 (eff=5) steps=0 endDist=3
2026/09/10 17:13:03 [DAY 9] iter=1594 NEW BEST: matchTypes=0 todayTypes=4 stocks=5 (eff=5) steps=0 endDist=3
2026/09/10 17:13:03 [DAY 9] iter=1595 NEW BEST: matchTypes=0 todayTypes=4 stocks=5 (eff=5) steps=0 endDist=3
2026/09/10 17:13:03 [DAY 9] iter=1599 NEW BEST: matchTypes=0 todayTypes=4 stocks=5 (eff=5) steps=0 endDist=3
2026/09/10 17:13:03 [DAY 9] iter=1600 NEW BEST: matchTypes=0 todayTypes=4 stocks=5 (eff=5) steps=0 endDist=3
2026/09/10 17:13:03 [DAY 9] iter=1601 NEW BEST: matchTypes=0 todayTypes=4 stocks=5 (eff=5) steps=0 endDist=3
2026/09/10 17:13:03 [DAY 9] iter=1602 NEW BEST: matchTypes=0 todayTypes=4 stocks=5 (eff=5) steps=0 endDist=3
2026/09/10 17:13:03 [DAY 9] iter=1603 NEW BEST: matchTypes=0 todayTypes=4 stocks=5 (eff=5) steps=0 endDist=3
2026/09/10 17:13:03 [DAY 9] iter=1607 NEW BEST: matchTypes=0 todayTypes=4 stocks=5 (eff=5) steps=0 endDist=3
2026/09/10 17:13:03 [DAY 9] iter=1610 NEW BEST: matchTypes=0 todayTypes=4 stocks=5 (eff=5) steps=0 endDist=3
2026/09/10 17:13:03 [DAY 9] iter=1612 NEW BEST: matchTypes=0 todayTypes=4 stocks=5 (eff=5) steps=0 endDist=3
2026/09/10 17:13:03 [DAY 9] iter=1613 NEW BEST: matchTypes=0 todayTypes=4 stocks=5 (eff=5) steps=0 endDist=3
2026/09/10 17:13:03 [DAY 9] iter=1614 NEW BEST: matchTypes=0 todayTypes=4 stocks=5 (eff=5) steps=0 endDist=3
2026/09/10 17:13:03 [DAY 9] iter=1615 NEW BEST: matchTypes=0 todayTypes=4 stocks=5 (eff=5) steps=0 endDist=3
2026/09/10 17:13:03 [DAY 9] iter=1616 NEW BEST: matchTypes=0 todayTypes=4 stocks=5 (eff=5) steps=0 endDist=3
2026/09/10 17:13:03 [DAY 9] iter=1618 NEW BEST: matchTypes=0 todayTypes=4 stocks=5 (eff=5) steps=0 endDist=3
2026/09/10 17:13:03 [DAY 9] iter=1622 NEW BEST: matchTypes=0 todayTypes=4 stocks=5 (eff=5) steps=0 endDist=3
2026/09/10 17:13:03 [DAY 9] iter=1625 NEW BEST: matchTypes=0 todayTypes=4 stocks=5 (eff=5) steps=0 endDist=3
2026/09/10 17:13:03 [DAY 9] iter=1626 NEW BEST: matchTypes=0 todayTypes=4 stocks=5 (eff=5) steps=0 endDist=3
2026/09/10 17:13:03 [DAY 9] iter=1627 NEW BEST: matchTypes=0 todayTypes=4 stocks=5 (eff=5) steps=0 endDist=3
2026/09/10 17:13:03 [DAY 9] iter=1628 NEW BEST: matchTypes=0 todayTypes=4 stocks=5 (eff=5) steps=0 endDist=3
2026/09/10 17:13:03 [DAY 9] iter=1631 NEW BEST: matchTypes=0 todayTypes=4 stocks=5 (eff=5) steps=0 endDist=3
2026/09/10 17:13:03 [DAY 9] iter=1632 NEW BEST: matchTypes=0 todayTypes=4 stocks=5 (eff=5) steps=0 endDist=3
2026/09/10 17:13:03 [DAY 9] iter=1633 NEW BEST: matchTypes=0 todayTypes=4 stocks=5 (eff=5) steps=0 endDist=3
2026/09/10 17:13:03 [DAY 9] iter=1639 NEW BEST: matchTypes=0 todayTypes=4 stocks=5 (eff=5) steps=0 endDist=3
2026/09/10 17:13:03 [DAY 9] iter=1640 NEW BEST: matchTypes=0 todayTypes=4 stocks=5 (eff=5) steps=0 endDist=3
2026/09/10 17:13:03 [DAY 9] iter=1641 NEW BEST: matchTypes=0 todayTypes=4 stocks=5 (eff=5) steps=0 endDist=3
2026/09/10 17:13:03 [DAY 9] iter=1642 NEW BEST: matchTypes=0 todayTypes=4 stocks=5 (eff=5) steps=0 endDist=3
2026/09/10 17:13:03 [DAY 9] iter=1643 NEW BEST: matchTypes=0 todayTypes=4 stocks=5 (eff=5) steps=0 endDist=3
2026/09/10 17:13:03 [DAY 9] iter=1645 NEW BEST: matchTypes=0 todayTypes=4 stocks=5 (eff=5) steps=0 endDist=3
2026/09/10 17:13:03 [DAY 9] iter=1647 NEW BEST: matchTypes=0 todayTypes=4 stocks=5 (eff=5) steps=0 endDist=3
2026/09/10 17:13:03 [DAY 9] iter=1649 NEW BEST: matchTypes=0 todayTypes=4 stocks=5 (eff=5) steps=0 endDist=3
2026/09/10 17:13:03 [DAY 9] iter=1650 NEW BEST: matchTypes=0 todayTypes=4 stocks=5 (eff=5) steps=0 endDist=3
2026/09/10 17:13:03 [DAY 9] iter=1651 NEW BEST: matchTypes=0 todayTypes=4 stocks=5 (eff=5) steps=0 endDist=3
2026/09/10 17:13:03 [DAY 9] iter=1652 NEW BEST: matchTypes=0 todayTypes=4 stocks=5 (eff=5) steps=0 endDist=3
2026/09/10 17:13:03 [DAY 9] iter=1653 NEW BEST: matchTypes=0 todayTypes=4 stocks=5 (eff=5) steps=0 endDist=3
2026/09/10 17:13:03 [DAY 9] iter=1655 NEW BEST: matchTypes=0 todayTypes=4 stocks=5 (eff=5) steps=0 endDist=3
2026/09/10 17:13:03 [DAY 9] iter=1657 NEW BEST: matchTypes=0 todayTypes=4 stocks=5 (eff=5) steps=0 endDist=3
2026/09/10 17:13:03 [DAY 9] iter=1658 NEW BEST: matchTypes=0 todayTypes=4 stocks=5 (eff=5) steps=0 endDist=3
2026/09/10 17:13:03 [DAY 9] iter=1659 NEW BEST: matchTypes=0 todayTypes=4 stocks=5 (eff=5) steps=0 endDist=3
2026/09/10 17:13:03 [DAY 9] iter=1661 NEW BEST: matchTypes=0 todayTypes=4 stocks=5 (eff=5) steps=0 endDist=3
2026/09/10 17:13:03 [DAY 9] iter=1662 NEW BEST: matchTypes=0 todayTypes=4 stocks=5 (eff=5) steps=0 endDist=3
2026/09/10 17:13:03 [DAY 9] iter=1663 NEW BEST: matchTypes=0 todayTypes=4 stocks=5 (eff=5) steps=0 endDist=3
2026/09/10 17:13:03 [DAY 9] iter=1664 NEW BEST: matchTypes=0 todayTypes=4 stocks=5 (eff=5) steps=0 endDist=3
2026/09/10 17:13:03 [DAY 9] iter=1666 NEW BEST: matchTypes=0 todayTypes=4 stocks=5 (eff=5) steps=0 endDist=3
2026/09/10 17:13:03 [DAY 9] iter=1667 NEW BEST: matchTypes=0 todayTypes=4 stocks=5 (eff=5) steps=0 endDist=3
2026/09/10 17:13:03 [DAY 9] iter=1668 NEW BEST: matchTypes=0 todayTypes=4 stocks=5 (eff=5) steps=0 endDist=3
2026/09/10 17:13:03 [DAY 9] iter=1669 NEW BEST: matchTypes=0 todayTypes=4 stocks=5 (eff=5) steps=0 endDist=3
2026/09/10 17:13:03 [DAY 9] iter=1670 NEW BEST: matchTypes=0 todayTypes=4 stocks=5 (eff=5) steps=0 endDist=3
2026/09/10 17:13:03 [DAY 9] iter=1671 NEW BEST: matchTypes=0 todayTypes=4 stocks=5 (eff=5) steps=0 endDist=3
2026/09/10 17:13:03 [DAY 9] iter=1672 NEW BEST: matchTypes=0 todayTypes=4 stocks=5 (eff=5) steps=0 endDist=3
2026/09/10 17:13:03 [DAY 9] iter=1676 NEW BEST: matchTypes=0 todayTypes=4 stocks=5 (eff=5) steps=0 endDist=3
2026/09/10 17:13:03 [DAY 9] iter=1677 NEW BEST: matchTypes=0 todayTypes=4 stocks=5 (eff=5) steps=0 endDist=3
2026/09/10 17:13:03 [DAY 9] iter=1678 NEW BEST: matchTypes=0 todayTypes=4 stocks=5 (eff=5) steps=0 endDist=3
2026/09/10 17:13:03 [DAY 9] iter=1679 NEW BEST: matchTypes=0 todayTypes=4 stocks=5 (eff=5) steps=0 endDist=3
2026/09/10 17:13:03 [DAY 9] iter=1680 NEW BEST: matchTypes=0 todayTypes=4 stocks=5 (eff=5) steps=0 endDist=3
2026/09/10 17:13:03 [DAY 9] iter=1681 NEW BEST: matchTypes=0 todayTypes=4 stocks=5 (eff=5) steps=0 endDist=3
2026/09/10 17:13:03 [DAY 9] iter=1683 NEW BEST: matchTypes=0 todayTypes=4 stocks=5 (eff=5) steps=0 endDist=3
2026/09/10 17:13:03 [DAY 9] iter=1684 NEW BEST: matchTypes=0 todayTypes=4 stocks=5 (eff=5) steps=0 endDist=3
2026/09/10 17:13:03 [DAY 9] iter=1686 NEW BEST: matchTypes=0 todayTypes=4 stocks=5 (eff=5) steps=0 endDist=3
2026/09/10 17:13:03 [DAY 9] iter=1687 NEW BEST: matchTypes=0 todayTypes=4 stocks=5 (eff=5) steps=0 endDist=3
2026/09/10 17:13:03 [DAY 9] iter=1689 NEW BEST: matchTypes=0 todayTypes=4 stocks=5 (eff=5) steps=0 endDist=3
2026/09/10 17:13:03 [DAY 9] iter=1690 NEW BEST: matchTypes=0 todayTypes=4 stocks=5 (eff=5) steps=0 endDist=3
2026/09/10 17:13:03 [DAY 9] iter=1692 NEW BEST: matchTypes=0 todayTypes=4 stocks=5 (eff=5) steps=0 endDist=3
2026/09/10 17:13:03 [DAY 9] iter=1695 NEW BEST: matchTypes=0 todayTypes=4 stocks=5 (eff=5) steps=0 endDist=3
2026/09/10 17:13:03 [DAY 9] iter=1696 NEW BEST: matchTypes=0 todayTypes=4 stocks=5 (eff=5) steps=0 endDist=3
2026/09/10 17:13:03 [DAY 9] iter=1698 NEW BEST: matchTypes=0 todayTypes=4 stocks=5 (eff=5) steps=0 endDist=3
2026/09/10 17:13:03 [DAY 9] iter=1702 NEW BEST: matchTypes=0 todayTypes=4 stocks=5 (eff=5) steps=0 endDist=3
2026/09/10 17:13:03 [DAY 9] iter=1703 NEW BEST: matchTypes=0 todayTypes=4 stocks=5 (eff=5) steps=0 endDist=3
2026/09/10 17:13:03 [DAY 9] iter=1704 NEW BEST: matchTypes=0 todayTypes=4 stocks=5 (eff=5) steps=0 endDist=3
2026/09/10 17:13:03 [DAY 9] iter=1709 NEW BEST: matchTypes=0 todayTypes=4 stocks=5 (eff=5) steps=0 endDist=3
2026/09/10 17:13:03 [DAY 9] iter=1711 NEW BEST: matchTypes=0 todayTypes=4 stocks=5 (eff=5) steps=0 endDist=3
2026/09/10 17:13:03 [DAY 9] iter=1712 NEW BEST: matchTypes=0 todayTypes=4 stocks=5 (eff=5) steps=0 endDist=3
2026/09/10 17:13:03 [DAY 9] iter=1715 NEW BEST: matchTypes=0 todayTypes=4 stocks=5 (eff=5) steps=0 endDist=3
2026/09/10 17:13:03 [DAY 9] iter=1716 NEW BEST: matchTypes=0 todayTypes=4 stocks=5 (eff=5) steps=0 endDist=3
2026/09/10 17:13:03 [DAY 9] iter=1717 NEW BEST: matchTypes=0 todayTypes=4 stocks=5 (eff=5) steps=0 endDist=3
2026/09/10 17:13:03 [DAY 9] iter=1721 NEW BEST: matchTypes=0 todayTypes=4 stocks=5 (eff=5) steps=0 endDist=3
2026/09/10 17:13:03 [DAY 9] iter=1722 NEW BEST: matchTypes=0 todayTypes=4 stocks=5 (eff=5) steps=0 endDist=3
2026/09/10 17:13:03 [DAY 9] iter=1724 NEW BEST: matchTypes=0 todayTypes=4 stocks=5 (eff=5) steps=0 endDist=3
2026/09/10 17:13:03 [DAY 9] iter=1726 NEW BEST: matchTypes=0 todayTypes=4 stocks=5 (eff=5) steps=0 endDist=3
2026/09/10 17:13:04 [DAY 9] iter=1729 NEW BEST: matchTypes=0 todayTypes=4 stocks=5 (eff=5) steps=0 endDist=3
2026/09/10 17:13:04 [DAY 9] iter=1731 NEW BEST: matchTypes=0 todayTypes=4 stocks=5 (eff=5) steps=0 endDist=3
2026/09/10 17:13:04 [DAY 9] iter=1732 NEW BEST: matchTypes=0 todayTypes=4 stocks=5 (eff=5) steps=0 endDist=3
2026/09/10 17:13:04 [DAY 9] iter=1734 NEW BEST: matchTypes=0 todayTypes=4 stocks=5 (eff=5) steps=0 endDist=3
2026/09/10 17:13:04 [DAY 9] iter=1735 NEW BEST: matchTypes=0 todayTypes=4 stocks=5 (eff=5) steps=0 endDist=3
2026/09/10 17:13:04 [DAY 9] iter=1737 NEW BEST: matchTypes=0 todayTypes=4 stocks=5 (eff=5) steps=0 endDist=3
2026/09/10 17:13:04 [DAY 9] iter=1738 NEW BEST: matchTypes=0 todayTypes=4 stocks=5 (eff=5) steps=0 endDist=3
2026/09/10 17:13:04 [DAY 9] iter=1739 NEW BEST: matchTypes=0 todayTypes=4 stocks=5 (eff=5) steps=0 endDist=3
2026/09/10 17:13:04 [DAY 9] iter=1740 NEW BEST: matchTypes=0 todayTypes=4 stocks=5 (eff=5) steps=0 endDist=3
2026/09/10 17:13:04 [DAY 9] iter=1741 NEW BEST: matchTypes=0 todayTypes=4 stocks=5 (eff=5) steps=0 endDist=3
2026/09/10 17:13:04 [DAY 9] iter=1742 NEW BEST: matchTypes=0 todayTypes=4 stocks=5 (eff=5) steps=0 endDist=3
2026/09/10 17:13:04 [DAY 9] iter=1743 NEW BEST: matchTypes=0 todayTypes=4 stocks=5 (eff=5) steps=0 endDist=3
2026/09/10 17:13:04 [DAY 9] iter=1744 NEW BEST: matchTypes=0 todayTypes=4 stocks=5 (eff=5) steps=0 endDist=3
2026/09/10 17:13:04 [DAY 9] iter=1745 NEW BEST: matchTypes=0 todayTypes=4 stocks=5 (eff=5) steps=0 endDist=3
2026/09/10 17:13:04 [DAY 9] iter=1746 NEW BEST: matchTypes=0 todayTypes=4 stocks=5 (eff=5) steps=0 endDist=3
2026/09/10 17:13:04 [DAY 9] iter=1748 NEW BEST: matchTypes=0 todayTypes=4 stocks=5 (eff=5) steps=0 endDist=3
2026/09/10 17:13:04 [DAY 9] iter=1749 NEW BEST: matchTypes=0 todayTypes=4 stocks=5 (eff=5) steps=0 endDist=3
2026/09/10 17:13:04 [DAY 9] iter=1750 NEW BEST: matchTypes=0 todayTypes=4 stocks=5 (eff=5) steps=0 endDist=3
2026/09/10 17:13:04 [DAY 9] iter=1751 NEW BEST: matchTypes=0 todayTypes=4 stocks=5 (eff=5) steps=0 endDist=3
2026/09/10 17:13:04 [DAY 9] iter=1753 NEW BEST: matchTypes=0 todayTypes=4 stocks=5 (eff=5) steps=0 endDist=3
2026/09/10 17:13:04 [DAY 9] iter=1755 NEW BEST: matchTypes=0 todayTypes=4 stocks=5 (eff=5) steps=0 endDist=3
2026/09/10 17:13:04 [DAY 9] iter=1756 NEW BEST: matchTypes=0 todayTypes=4 stocks=5 (eff=5) steps=0 endDist=3
2026/09/10 17:13:04 [DAY 9] iter=1758 NEW BEST: matchTypes=0 todayTypes=4 stocks=5 (eff=5) steps=0 endDist=3
2026/09/10 17:13:04 [DAY 9] iter=1760 NEW BEST: matchTypes=0 todayTypes=4 stocks=5 (eff=5) steps=0 endDist=3
2026/09/10 17:13:04 [DAY 9] iter=1761 NEW BEST: matchTypes=0 todayTypes=4 stocks=5 (eff=5) steps=0 endDist=3
2026/09/10 17:13:04 [DAY 9] iter=1762 NEW BEST: matchTypes=0 todayTypes=4 stocks=5 (eff=5) steps=0 endDist=3
2026/09/10 17:13:04 [DAY 9] iter=1763 NEW BEST: matchTypes=0 todayTypes=4 stocks=5 (eff=5) steps=0 endDist=3
2026/09/10 17:13:04 [DAY 9] iter=1766 NEW BEST: matchTypes=0 todayTypes=4 stocks=5 (eff=5) steps=0 endDist=3
2026/09/10 17:13:04 [DAY 9] iter=1767 NEW BEST: matchTypes=0 todayTypes=4 stocks=5 (eff=5) steps=0 endDist=3
2026/09/10 17:13:04 [DAY 9] iter=1768 NEW BEST: matchTypes=0 todayTypes=4 stocks=5 (eff=5) steps=0 endDist=3
2026/09/10 17:13:04 [DAY 9] iter=1770 NEW BEST: matchTypes=0 todayTypes=4 stocks=5 (eff=5) steps=0 endDist=3
2026/09/10 17:13:04 [DAY 9] iter=1771 NEW BEST: matchTypes=0 todayTypes=4 stocks=5 (eff=5) steps=0 endDist=3
2026/09/10 17:13:04 [DAY 9] iter=1772 NEW BEST: matchTypes=0 todayTypes=4 stocks=5 (eff=5) steps=0 endDist=3
2026/09/10 17:13:04 [DAY 9] iter=1773 NEW BEST: matchTypes=0 todayTypes=4 stocks=5 (eff=5) steps=0 endDist=3
2026/09/10 17:13:04 [DAY 9] iter=1775 NEW BEST: matchTypes=0 todayTypes=4 stocks=5 (eff=5) steps=0 endDist=3
2026/09/10 17:13:04 [DAY 9] iter=1776 NEW BEST: matchTypes=0 todayTypes=4 stocks=5 (eff=5) steps=0 endDist=3
2026/09/10 17:13:04 [DAY 9] iter=1778 NEW BEST: matchTypes=0 todayTypes=4 stocks=5 (eff=5) steps=0 endDist=3
2026/09/10 17:13:04 [DAY 9] iter=1780 NEW BEST: matchTypes=0 todayTypes=4 stocks=5 (eff=5) steps=0 endDist=3
2026/09/10 17:13:04 [DAY 9] iter=1783 NEW BEST: matchTypes=0 todayTypes=4 stocks=5 (eff=5) steps=0 endDist=3
2026/09/10 17:13:04 [DAY 9] iter=1785 NEW BEST: matchTypes=0 todayTypes=4 stocks=5 (eff=5) steps=0 endDist=3
2026/09/10 17:13:04 [DAY 9] iter=1787 NEW BEST: matchTypes=0 todayTypes=4 stocks=5 (eff=5) steps=0 endDist=3
2026/09/10 17:13:04 [DAY 9] iter=1788 NEW BEST: matchTypes=0 todayTypes=4 stocks=5 (eff=5) steps=0 endDist=3
2026/09/10 17:13:04 [DAY 9] iter=1792 NEW BEST: matchTypes=0 todayTypes=4 stocks=5 (eff=5) steps=0 endDist=3
2026/09/10 17:13:04 [DAY 9] iter=1793 NEW BEST: matchTypes=0 todayTypes=4 stocks=5 (eff=5) steps=0 endDist=3
2026/09/10 17:13:04 [DAY 9] iter=1794 NEW BEST: matchTypes=0 todayTypes=4 stocks=5 (eff=5) steps=0 endDist=3
2026/09/10 17:13:04 [DAY 9] iter=1795 NEW BEST: matchTypes=0 todayTypes=4 stocks=5 (eff=5) steps=0 endDist=3
2026/09/10 17:13:04 [DAY 9] iter=1796 NEW BEST: matchTypes=0 todayTypes=4 stocks=5 (eff=5) steps=0 endDist=3
2026/09/10 17:13:04 [DAY 9] iter=1798 NEW BEST: matchTypes=0 todayTypes=4 stocks=5 (eff=5) steps=0 endDist=3
2026/09/10 17:13:04 [DAY 9] iter=1799 NEW BEST: matchTypes=0 todayTypes=4 stocks=5 (eff=5) steps=0 endDist=3
2026/09/10 17:13:04 [DAY 9] iter=1800 NEW BEST: matchTypes=0 todayTypes=4 stocks=5 (eff=5) steps=0 endDist=3
2026/09/10 17:13:04 [DAY 9] iter=1801 NEW BEST: matchTypes=0 todayTypes=4 stocks=5 (eff=5) steps=0 endDist=3
2026/09/10 17:13:04 [DAY 9] iter=1806 NEW BEST: matchTypes=0 todayTypes=4 stocks=5 (eff=5) steps=0 endDist=3
2026/09/10 17:13:04 [DAY 9] iter=1807 NEW BEST: matchTypes=0 todayTypes=4 stocks=5 (eff=5) steps=0 endDist=3
2026/09/10 17:13:04 [DAY 9] iter=1808 NEW BEST: matchTypes=0 todayTypes=4 stocks=5 (eff=5) steps=0 endDist=3
2026/09/10 17:13:04 [DAY 9] iter=1810 NEW BEST: matchTypes=0 todayTypes=4 stocks=5 (eff=5) steps=0 endDist=3
2026/09/10 17:13:04 [DAY 9] iter=1812 NEW BEST: matchTypes=0 todayTypes=4 stocks=5 (eff=5) steps=0 endDist=3
2026/09/10 17:13:04 [DAY 9] iter=1813 NEW BEST: matchTypes=0 todayTypes=4 stocks=5 (eff=5) steps=0 endDist=3
2026/09/10 17:13:04 [DAY 9] iter=1814 NEW BEST: matchTypes=0 todayTypes=4 stocks=5 (eff=5) steps=0 endDist=3
2026/09/10 17:13:04 [DAY 9] iter=1817 NEW BEST: matchTypes=0 todayTypes=4 stocks=5 (eff=5) steps=0 endDist=3
2026/09/10 17:13:04 [DAY 9] iter=1819 NEW BEST: matchTypes=0 todayTypes=4 stocks=5 (eff=5) steps=0 endDist=3
2026/09/10 17:13:04 [DAY 9] iter=1821 NEW BEST: matchTypes=0 todayTypes=4 stocks=5 (eff=5) steps=0 endDist=3
2026/09/10 17:13:04 [DAY 9] iter=1825 NEW BEST: matchTypes=0 todayTypes=4 stocks=5 (eff=5) steps=0 endDist=3
2026/09/10 17:13:04 [DAY 9] iter=1826 NEW BEST: matchTypes=0 todayTypes=4 stocks=5 (eff=5) steps=0 endDist=3
2026/09/10 17:13:04 [DAY 9] iter=1827 NEW BEST: matchTypes=0 todayTypes=4 stocks=5 (eff=5) steps=0 endDist=3
2026/09/10 17:13:04 [DAY 9] iter=1829 NEW BEST: matchTypes=0 todayTypes=4 stocks=5 (eff=5) steps=0 endDist=3
2026/09/10 17:13:04 [DAY 9] iter=1830 NEW BEST: matchTypes=0 todayTypes=4 stocks=5 (eff=5) steps=0 endDist=3
2026/09/10 17:13:04 [DAY 9] iter=1832 NEW BEST: matchTypes=0 todayTypes=4 stocks=5 (eff=5) steps=0 endDist=3
2026/09/10 17:13:04 [DAY 9] iter=1833 NEW BEST: matchTypes=0 todayTypes=4 stocks=5 (eff=5) steps=0 endDist=3
2026/09/10 17:13:04 [DAY 9] iter=1834 NEW BEST: matchTypes=0 todayTypes=4 stocks=5 (eff=5) steps=0 endDist=3
2026/09/10 17:13:04 [DAY 9] iter=1837 NEW BEST: matchTypes=0 todayTypes=4 stocks=5 (eff=5) steps=0 endDist=3
2026/09/10 17:13:04 [DAY 9] iter=1839 NEW BEST: matchTypes=0 todayTypes=4 stocks=5 (eff=5) steps=0 endDist=3
2026/09/10 17:13:04 [DAY 9] iter=1840 NEW BEST: matchTypes=0 todayTypes=4 stocks=5 (eff=5) steps=0 endDist=3
2026/09/10 17:13:04 [DAY 9] iter=1841 NEW BEST: matchTypes=0 todayTypes=4 stocks=5 (eff=5) steps=0 endDist=3
2026/09/10 17:13:04 [DAY 9] iter=1843 NEW BEST: matchTypes=0 todayTypes=4 stocks=5 (eff=5) steps=0 endDist=3
2026/09/10 17:13:04 [DAY 9] Search completed in 1843 iterations. Best: matchTypes=0, todayTypes=4, stocks=5/17, steps=0
2026/09/10 17:13:04 [DAY 9] final plan submitted OK (801ms taken).
2026/09/10 17:13:04 [DAY 9] DEBUG brands all-time=4/8 | dayNewTypes(all-time-basis)=[4]
2026/09/10 17:13:04 [INFO] Match has reached the final day. Waiting for results...
2026/09/10 17:13:04 [WS] Server sent ActionResult: {"protocol_version":"v0.1-draft","type":"action_result","match_id":"m-26990","day":10,"valid":true,"reason":"","submission_id":"team-A-d10-22","response_ms":912}

[RESULT] Match finished successfully!
{"protocol_version":"v0.1-draft","type":"match_result","match_id":"m-26990","standings":[{"rank":1,"team_id":"team-B","udon_types":4,"daily_types_sum":40,"udon_total":169,"response_ms_total":3653},{"rank":2,"team_id":"team-A","udon_types":4,"daily_types_sum":40,"udon_total":137,"response_ms_total":2960}]}
